id,address_sido,address_sigungu,address_dong,address_full,hammer_price,reference_date,property_type,land_area_sqm,building_area_sqm,unit_price_py,land_price_sqm,approval_date,days_since_transaction,building_age,price_per_sqm,is_new,property_type_code,location_code,is_gangnam,is_gangbuk,location_score,is_modern,is_old,is_small,is_medium,is_large,property_score,is_budget,is_mid,is_premium,trade_month,is_spring,is_fall,trade_year,market_activity,is_active_market,transaction_frequency,gangnam_new,location_size_interaction,property_location_score
-1.6035174581517397,서울특별시,강남구,역삼동,서울특별시 강남구  역삼동 681-21,3.0539550379715474,2026-01-09,근린시설,-0.8040036648676236,-0.4826904347430236,8.050078402381772,8.306740385936386,1989-03-31,-1.030376277510784,0.836397240471941,8.05032048476439,-0.20498001542269692,0.0,0.13601996126889587,6.9713700231733515,0.0,6.616635911821271,-0.5338296481690097,0.5959792419460607,-0.1574591643244434,-0.1704278238830942,0.23520023158188028,0.0,-0.5773502691896258,-1.0,1.7320508075688774,1,-0.5462868471524165,-0.6396021490668313,2026,-0.8344764359637596,-2.0679931684318618,0.0,0.0,-0.31557412949438407,6.616635911821271
-1.5553987405652685,충청남도,천안시,동남구,"충청남도 천안시 동남구 구룡동 563-3(토지, 외 1필지 건물)",0.7995523071238438,2022-11-24,근린시설,0.6322289970169102,6.0729831465598165,-0.3142754541934151,-0.058863844179822114,2024-05-17,1.2755275557566552,-1.309605729464934,-0.3145436334075958,4.878524367060187,0.0,-0.23879059867206162,-0.14344382763731175,0.0,-0.21827622634798557,-0.5338296481690097,-1.6779107888635245,-0.1574591643244434,-0.1704278238830942,0.23520023158188028,0.0,-0.5773502691896258,-1.0,1.7320508075688774,11,-0.5462868471524165,1.5634719199411433,2022,-0.8344764359637596,-2.0679931684318618,0.0,0.0,6.079441223193055,-0.21827622634798557
-1.5457749970479744,충청남도,천안동남구,구룡동,충청남도 천안동남구  구룡동 578-7,-0.6175008379804272,2026-02-19,대지,-0.5885687655849436,-0.2298111695824004,-0.20554831833382334,-0.27131304082284774,1979-12-31,-1.1131626673216117,1.449540946168191,-0.20580986472460713,-0.20498001542269692,0.0,-0.23879059867206162,-0.14344382763731175,0.0,-0.21827622634798557,-0.5338296481690097,0.5959792419460607,-0.1574591643244434,-0.1704278238830942,0.23520023158188028,0.0,-0.5773502691896258,1.0,-0.5773502691896258,2,-0.5462868471524165,-0.6396021490668313,2026,-0.551177112049985,0.4835605916233708,0.0,0.0,-0.2339138166512038,-0.21827622634798557
-1.5361512535306803,충청남도,천안동남구,구룡동,충청남도 천안동남구  구룡동 749,-1.1070282881073572,2024-07-18,대지,-0.7317514696071747,-0.2298111695824004,-0.40757347229689533,0.07090442602097888,1979-12-31,0.05998105170499283,1.449540946168191,-0.40784734309186177,-0.20498001542269692,0.0,-0.23879059867206162,-0.14344382763731175,0.0,-0.21827622634798557,-0.5338296481690097,0.5959792419460607,-0.1574591643244434,-0.1704278238830942,0.23520023158188028,0.0,1.7320508075688774,-1.0,-0.5773502691896258,7,-0.5462868471524165,-0.6396021490668313,2024,-0.551177112049985,0.4835605916233708,0.0,0.0,-0.2339138166512038,-0.21827622634798557
-1.526527510013386,충청남도,천안동남구,구룡동,"충청남도 천안동남구  구룡동 513, 671-1",0.5660605957146173,2023-08-24,상업용,-0.42115514242048874,-0.7259008973329965,0.07342814768175568,-0.014668479014292173,2012-05-09,0.7242913504309014,-0.573833282629434,0.0731836200564927,-0.20498001542269692,0.0,-0.23879059867206162,-0.14344382763731175,0.0,-0.21827622634798557,-0.5338296481690097,0.5959792419460607,-0.1574591643244434,-0.1704278238830942,0.23520023158188028,0.0,-0.5773502691896258,-1.0,1.7320508075688774,8,-0.5462868471524165,-0.6396021490668313,2023,-0.551177112049985,0.4835605916233708,0.0,0.0,-0.7308347735810191,-0.21827622634798557
-1.5169037664960918,충청남도,천안동남구,구룡동,충청남도 천안동남구  구룡동 573,-1.1166900140967044,2023-06-12,단독주택,-0.7207374154516185,-0.875992775579983,-0.42437895226981037,-0.2661964633120733,1984-08-20,0.8716915078989601,1.142969093320066,-0.42465384827140873,-0.20498001542269692,0.0,-0.23879059867206162,-0.14344382763731175,0.0,-0.21827622634798557,-0.5338296481690097,0.5959792419460607,-0.1574591643244434,5.8675865079751,-4.251696493980147,0.0,1.7320508075688774,-1.0,-0.5773502691896258,6,-0.5462868471524165,-0.6396021490668313,2023,-0.551177112049985,0.4835605916233708,0.0,0.0,-0.8811781401007593,-0.21827622634798557
-1.5072800229787975,충청남도,천안동남구,구룡동,"충청남도 천안동남구  구룡동 574, 575",0.2109519084144817,2023-12-22,대지,2.6526470913121467,-0.2298111695824004,-0.45545806871559047,-0.1614920075843413,1979-12-31,0.4819897217162843,1.449540946168191,-0.45573486067709873,-0.20498001542269692,0.0,-0.23879059867206162,-0.14344382763731175,0.0,-0.21827622634798557,-0.5338296481690097,0.5959792419460607,-0.1574591643244434,-0.1704278238830942,0.23520023158188028,0.0,-0.5773502691896258,1.0,-0.5773502691896258,12,-0.5462868471524165,-0.6396021490668313,2023,-0.551177112049985,0.4835605916233708,0.0,0.0,-0.2339138166512038,-0.21827622634798557
-1.488032535944209,경상남도,거제시,연초면,경상남도 거제시 연초면 한내리 120-25,-0.4484206331668494,2022-05-02,공업나지,0.10972226787732206,-0.2298111695824004,-0.39920035577346613,-0.33716116878759705,1979-12-31,1.6914786850500814,1.449540946168191,-0.39947371577227536,-0.20498001542269692,0.0,-0.23879059867206162,-0.14344382763731175,0.0,-0.21827622634798557,-0.5338296481690097,0.5959792419460607,-0.1574591643244434,-0.1704278238830942,0.23520023158188028,0.0,-0.5773502691896258,1.0,-0.5773502691896258,5,1.8305401369493255,-0.6396021490668313,2022,-0.33870261911465405,0.4835605916233708,0.0,0.0,-0.2339138166512038,-0.21827622634798557
-1.478408792426915,경상남도,거제시,연초면,"경상남도 거제시 연초면 한내리 120-4, 120-5, 120-39",1.4436673730803307,2022-02-07,공장,1.8402504567983184,3.0149613221227543,-0.36819415956612495,-0.33716116878759705,2016-08-25,1.8610898251503134,-0.819090764907934,-0.3684656280534727,-0.20498001542269692,0.0,-0.23879059867206162,-0.14344382763731175,0.0,-0.21827622634798557,1.8732567653930703,-1.6779107888635245,-0.1574591643244434,-0.1704278238830942,0.23520023158188028,0.0,-0.5773502691896258,-1.0,1.7320508075688774,2,-0.5462868471524165,-0.6396021490668313,2022,-0.33870261911465405,0.4835605916233708,0.0,0.0,3.016295493081333,-0.21827622634798557
-1.4687850489096206,경상남도,거제시,연초면,"경상남도 거제시 연초면 한내리 120-10, 161, 161-5",2.7061329023550447,2021-09-02,공장,4.893786830884731,5.975180453199443,-0.41352193666401643,-0.31157828123372483,1994-03-28,2.180120302957892,0.529825387623816,-0.41379617034091953,-0.20498001542269692,0.0,-0.23879059867206162,-0.14344382763731175,0.0,-0.21827622634798557,-0.5338296481690097,0.5959792419460607,-0.1574591643244434,-0.1704278238830942,0.23520023158188028,0.0,-0.5773502691896258,-1.0,1.7320508075688774,9,-0.5462868471524165,1.5634719199411433,2021,-0.33870261911465405,0.4835605916233708,0.0,0.0,5.981474655339863,-0.21827622634798557
-1.4495375618750324,경상남도,거제시,연초면,경상남도 거제시 연초면 한내리 57-2,-1.164998644043441,2026-01-23,다가구주택,-0.7079611126311732,-0.8273857512578406,-0.47402313986700007,-0.3967062664854503,2011-12-14,-1.058644800860823,-0.512518912059809,-0.4743010643777779,-0.20498001542269692,0.0,-0.23879059867206162,-0.14344382763731175,0.0,-0.21827622634798557,-0.5338296481690097,0.5959792419460607,-0.1574591643244434,-0.1704278238830942,0.23520023158188028,0.0,1.7320508075688774,-1.0,-0.5773502691896258,1,-0.5462868471524165,-0.6396021490668313,2026,-0.33870261911465405,0.4835605916233708,0.0,0.0,-0.8324896716876159,-0.21827622634798557
-1.439913818357738,경상남도,거제시,연초면,"경상남도 거제시 연초면 한내리 484, 482-1",-1.154531774221648,2025-11-08,단독주택,-0.7458494589262867,-0.8551772964706297,-0.45003412648378166,-0.33819931494920347,2014-09-18,-0.9051871026748987,-0.696462023768684,-0.4503105875614618,-0.20498001542269692,0.0,-0.23879059867206162,-0.14344382763731175,0.0,-0.21827622634798557,-0.5338296481690097,0.5959792419460607,-0.1574591643244434,5.8675865079751,-4.251696493980147,0.0,1.7320508075688774,-1.0,-0.5773502691896258,11,-0.5462868471524165,1.5634719199411433,2025,-0.33870261911465405,0.4835605916233708,0.0,0.0,-0.8603277833621239,-0.21827622634798557
-1.430290074840444,경상남도,거제시,연초면,"경상남도 거제시 연초면 한내리 16-25, 16-27",-1.0313447678574699,2024-10-12,단독주택,-0.654653090518281,-0.7400033218078051,-0.39383572808030787,-0.29652516189043193,2002-04-29,-0.1136684488738161,0.039310423066816,-0.39410876081373114,-0.20498001542269692,0.0,-0.23879059867206162,-0.14344382763731175,0.0,-0.21827622634798557,-0.5338296481690097,0.5959792419460607,-0.1574591643244434,-0.1704278238830942,0.23520023158188028,0.0,1.7320508075688774,-1.0,-0.5773502691896258,10,-0.5462868471524165,1.5634719199411433,2024,-0.33870261911465405,0.4835605916233708,0.0,0.0,-0.7449608275447398,-0.21827622634798557
-1.4206663313231496,경상남도,거제시,연초면,경상남도 거제시 연초면 한내리 393-2,-1.1021974251126836,2025-01-18,단독주택,-0.7467305832587312,-0.7986047819477959,-0.38975340844293493,-0.39974655167301193,1997-05-29,-0.31154811232408675,0.34588227591494103,-0.3900261921372845,-0.20498001542269692,0.0,-0.23879059867206162,-0.14344382763731175,0.0,-0.21827622634798557,-0.5338296481690097,0.5959792419460607,-0.1574591643244434,-0.1704278238830942,0.23520023158188028,0.0,1.7320508075688774,-1.0,-0.5773502691896258,1,-0.5462868471524165,-0.6396021490668313,2025,-0.33870261911465405,0.4835605916233708,0.0,0.0,-0.8036604780742679,-0.21827622634798557
-1.4110425878058555,경상남도,거제시,연초면,"경상남도 거제시 연초면 한내리 62-7, 62-8",-0.9717641242564949,2023-05-02,단독주택,-0.7233807884489519,-0.7285310120219038,-0.28184945337317624,-0.329375072575549,2020-01-28,0.9544778977097876,-1.064348247186434,-0.2821156544617013,-0.20498001542269692,0.0,-0.23879059867206162,-0.14344382763731175,0.0,-0.21827622634798557,1.8732567653930703,-1.6779107888635245,-0.1574591643244434,-0.1704278238830942,0.23520023158188028,0.0,1.7320508075688774,-1.0,-0.5773502691896258,5,1.8305401369493255,-0.6396021490668313,2023,-0.33870261911465405,0.4835605916233708,0.0,0.0,-0.7334692951905941,-0.21827622634798557
-1.391795100771267,대구광역시,달서구,신당동,대구광역시 달서구  신당동 680-2외 3필지,0.4774947741456004,2025-10-31,근린시설,1.8318797756400957,-0.7426334364967127,-0.4219390395233409,-0.10669272091097448,1997-09-24,-0.8890336607605909,0.34588227591494103,-0.42221378667975706,-0.20498001542269692,0.0,-0.23879059867206162,-0.14344382763731175,0.0,-0.21827622634798557,-0.5338296481690097,0.5959792419460607,-0.1574591643244434,-0.1704278238830942,0.23520023158188028,0.0,-0.5773502691896258,1.0,-0.5773502691896258,10,-0.5462868471524165,1.5634719199411433,2025,-0.8344764359637596,-2.0679931684318618,0.0,0.0,-0.7475953491543147,-0.21827622634798557
-1.3821713572539727,대구광역시,서구,상리동,대구광역시 서구 상리동 512-1,-0.9137937683204111,2024-02-28,나지,-0.6991498693067283,-0.2298111695824004,-0.26454368321089894,-0.27094227433655976,1979-12-31,0.34468546544466794,1.449540946168191,-0.2648088285729365,-0.20498001542269692,0.0,-0.23879059867206162,-0.14344382763731175,0.0,-0.21827622634798557,-0.5338296481690097,0.5959792419460607,-0.1574591643244434,-0.1704278238830942,0.23520023158188028,0.0,1.7320508075688774,-1.0,-0.5773502691896258,2,-0.5462868471524165,-0.6396021490668313,2024,-0.4095274500930977,0.4835605916233708,0.0,0.0,-0.2339138166512038,-0.21827622634798557
-1.3725476137366786,대구광역시,서구,상리동,대구광역시 서구 상리동 264,-0.19904343394347107,2024-11-07,나지,-0.24713308676270013,-0.2298111695824004,-0.2729031034175198,-0.4205836282023977,1979-12-31,-0.16616713509531647,1.449540946168191,-0.27316875874018026,-0.20498001542269692,0.0,-0.23879059867206162,-0.14344382763731175,0.0,-0.21827622634798557,-0.5338296481690097,0.5959792419460607,-0.1574591643244434,-0.1704278238830942,0.23520023158188028,0.0,-0.5773502691896258,1.0,-0.5773502691896258,11,-0.5462868471524165,1.5634719199411433,2024,-0.4095274500930977,0.4835605916233708,0.0,0.0,-0.2339138166512038,-0.21827622634798557
-1.3629238702193844,대구광역시,서구,상리동,대구광역시 서구  상리동 33,-0.3276490583000081,2024-02-06,근린시설,-0.6846113178213941,-0.7130759571356571,0.17354603431090773,0.22032331999504404,1989-07-01,0.3891074307090144,0.836397240471941,0.17330761430777258,-0.20498001542269692,0.0,-0.23879059867206162,-0.14344382763731175,0.0,-0.21827622634798557,-0.5338296481690097,0.5959792419460607,-0.1574591643244434,-0.1704278238830942,0.23520023158188028,0.0,-0.5773502691896258,1.0,-0.5773502691896258,2,-0.5462868471524165,-0.6396021490668313,2024,-0.4095274500930977,0.4835605916233708,0.0,0.0,-0.7179883443990921,-0.21827622634798557
-1.35330012670209,충청남도,아산시,신창면,"충청남도 아산시 신창면 읍내리 52-2(토지, 1동, 2동, 3동 건물 3개동)",1.4839245647026111,2023-04-09,공장,1.5049826483031865,3.117723660325068,-0.3447346245562753,-0.40671696161522636,2018-04-02,1.0009190432134225,-0.941719506047184,-0.34500466191098567,-0.20498001542269692,0.0,-0.23879059867206162,-0.14344382763731175,0.0,-0.21827622634798557,1.8732567653930703,-1.6779107888635245,-0.1574591643244434,-0.1704278238830942,0.23520023158188028,0.0,-0.5773502691896258,-1.0,1.7320508075688774,4,1.8305401369493255,-0.6396021490668313,2023,0.08624636675600796,0.4835605916233708,0.0,0.0,3.1192300159697237,-0.21827622634798557
-1.343676383184796,충청남도,아산시,신창면,"충청남도 아산시 신창면 읍내리 174-12, 174-5, 174-4",-0.5128321397624981,2025-07-07,일반숙박시설,-0.26167163824803436,0.17771883928598245,-0.34439563194511874,-0.3586656249923012,1996-05-27,-0.6548087530031277,0.407196646484566,-0.34466564861982035,-0.20498001542269692,0.0,-0.23879059867206162,-0.14344382763731175,0.0,-0.21827622634798557,-0.5338296481690097,0.5959792419460607,-0.1574591643244434,-0.1704278238830942,0.23520023158188028,0.0,-0.5773502691896258,1.0,-0.5773502691896258,7,-0.5462868471524165,-0.6396021490668313,2025,0.08624636675600796,0.4835605916233708,0.0,0.0,0.17429903408192565,-0.21827622634798557
-1.3340526396675016,충청남도,아산시,신창면,충청남도 아산시 신창면 읍내리 52-32,-1.1327928907456166,2023-09-18,대지,-0.7727237510658439,-0.2298111695824004,-0.40238410560855326,-0.40093300442913354,1979-12-31,0.6738118444486895,1.449540946168191,-0.40265765982980956,-0.20498001542269692,0.0,-0.23879059867206162,-0.14344382763731175,0.0,-0.21827622634798557,-0.5338296481690097,0.5959792419460607,-0.1574591643244434,-0.1704278238830942,0.23520023158188028,0.0,1.7320508075688774,-1.0,-0.5773502691896258,9,-0.5462868471524165,1.5634719199411433,2023,0.08624636675600796,0.4835605916233708,0.0,0.0,-0.2339138166512038,-0.21827622634798557
-1.3244288961502075,충청남도,아산시,신창면,충청남도 아산시 신창면 읍내리 52-30 외 29필지,0.3164660076564787,2023-09-18,근린생활시설,1.4958762283273725,-0.714503733681064,-0.41883459400862355,-0.40093300442913354,2021-01-26,0.6738118444486895,-1.125662617756059,-0.4191091517804975,-0.20498001542269692,0.0,-0.23879059867206162,-0.14344382763731175,0.0,-0.21827622634798557,1.8732567653930703,-1.6779107888635245,-0.1574591643244434,-0.1704278238830942,0.23520023158188028,0.0,-0.5773502691896258,1.0,-0.5773502691896258,9,-0.5462868471524165,1.5634719199411433,2023,0.08624636675600796,0.4835605916233708,0.0,0.0,-0.7194185132728613,-0.21827622634798557
-1.295557665598325,경기도,화성만세구,향남읍,경기도 화성만세구 향남읍 도이리 625-6외 1필지,-0.40816344154456896,2026-02-13,공장,-0.5017780188391604,-0.5717260791403724,-0.1927635229001204,-0.2548510088316604,2023-07-25,-1.1010475858858808,-1.248291358895309,-0.19302428936333957,-0.20498001542269692,0.0,-0.23879059867206162,-0.14344382763731175,0.0,-0.21827622634798557,1.8732567653930703,-1.6779107888635245,-0.1574591643244434,-0.1704278238830942,0.23520023158188028,0.0,-0.5773502691896258,1.0,-0.5773502691896258,2,-0.5462868471524165,-0.6396021490668313,2026,2.1401664651308745,0.4835605916233708,0.0,0.0,-0.576401625895939,-0.21827622634798557
-1.2859339220810306,경기도,화성만세구,향남읍,경기도 화성만세구 향남읍 도이리 74-23외 2필지,-0.37595768824674464,2024-02-01,공장,-0.32246921718670485,-0.4665214915840733,-0.2882261137921048,-0.2516624170495836,2020-01-16,0.39920333190545676,-1.064348247186434,-0.2884927038843691,-0.20498001542269692,0.0,-0.23879059867206162,-0.14344382763731175,0.0,-0.21827622634798557,1.8732567653930703,-1.6779107888635245,-0.1574591643244434,-0.1704278238830942,0.23520023158188028,0.0,-0.5773502691896258,1.0,-0.5773502691896258,2,-0.5462868471524165,-0.6396021490668313,2024,2.1401664651308745,0.4835605916233708,0.0,0.0,-0.47102076151294353,-0.21827622634798557
-1.2763101785637365,경기도,화성만세구,향남읍,경기도 화성만세구 향남읍 도이리 625-10외 1필지,-0.3920605648956568,2023-09-05,단독주택,-0.4273230127476002,-0.555444416780469,-0.2406710117610717,-0.24877043845653718,1979-12-31,0.7000611875594397,1.449540946168191,-0.24093470078737034,-0.20498001542269692,0.0,-0.23879059867206162,-0.14344382763731175,0.0,-0.21827622634798557,-0.5338296481690097,0.5959792419460607,-0.1574591643244434,-0.1704278238830942,0.23520023158188028,0.0,-0.5773502691896258,1.0,-0.5773502691896258,9,-0.5462868471524165,1.5634719199411433,2023,2.1401664651308745,0.4835605916233708,0.0,0.0,-0.5600926825985706,-0.21827622634798557
-1.2666864350464422,경기도,화성만세구,향남읍,경기도 화성만세구 향남읍 도이리 625-11외 1필지,-0.69398950206276,2022-11-26,단독주택,-0.6110374360622783,-0.714503733681064,-0.2228241139029075,-0.24877043845653718,2006-01-01,1.2714891952780785,-0.205947059211684,-0.22308671419159948,-0.20498001542269692,0.0,-0.23879059867206162,-0.14344382763731175,0.0,-0.21827622634798557,-0.5338296481690097,0.5959792419460607,-0.1574591643244434,-0.1704278238830942,0.23520023158188028,0.0,-0.5773502691896258,1.0,-0.5773502691896258,11,-0.5462868471524165,1.5634719199411433,2022,2.1401664651308745,0.4835605916233708,0.0,0.0,-0.7194185132728613,-0.21827622634798557
-1.257062691529148,경기도,화성만세구,향남읍,경기도 화성만세구 향남읍 도이리 625-8외 1필지,-0.2873918666777277,2023-04-25,단독주택,-0.38238567179293076,-0.49718111424333766,-0.23360473417389854,-0.24877043845653718,2006-01-01,0.9686121593848069,-0.205947059211684,-0.23386799212684153,-0.20498001542269692,0.0,-0.23879059867206162,-0.14344382763731175,0.0,-0.21827622634798557,-0.5338296481690097,0.5959792419460607,-0.1574591643244434,-0.1704278238830942,0.23520023158188028,0.0,-0.5773502691896258,1.0,-0.5773502691896258,4,1.8305401369493255,-0.6396021490668313,2023,2.1401664651308745,0.4835605916233708,0.0,0.0,-0.5017317562759879,-0.21827622634798557
-1.2474389480118537,대전광역시,유성구,신동,"대전광역시 유성구 신동 661-5, 661-6(토지 2필지)",1.061005858690074,2023-05-02,대지,4.3284134029717185,-0.2298111695824004,-0.4503641854592968,-0.28584708708533746,1979-12-31,0.9544778977097876,1.449540946168191,-0.4506406666719955,-0.20498001542269692,0.0,-0.23879059867206162,-0.14344382763731175,0.0,-0.21827622634798557,-0.5338296481690097,0.5959792419460607,-0.1574591643244434,-0.1704278238830942,0.23520023158188028,0.0,-0.5773502691896258,-1.0,1.7320508075688774,5,1.8305401369493255,-0.6396021490668313,2023,-0.551177112049985,0.4835605916233708,0.0,0.0,-0.2339138166512038,-0.21827622634798557
-1.2378152044945596,대전광역시,유성구,신동,대전광역시 유성구  신동 662-4,1.454940997022234,2025-06-13,"공장,교육연구시설",0.9625625092503528,0.48852324938087743,-0.2964699983797678,-0.2937073365946431,2023-11-24,-0.6063484272602042,-1.248291358895309,-0.2967370913844849,-0.20498001542269692,0.0,-0.23879059867206162,-0.14344382763731175,0.0,-0.21827622634798557,1.8732567653930703,-1.6779107888635245,-0.1574591643244434,-0.1704278238830942,0.23520023158188028,0.0,-0.5773502691896258,-1.0,1.7320508075688774,6,-0.5462868471524165,-0.6396021490668313,2025,-0.551177112049985,0.4835605916233708,0.0,0.0,0.48562421628768954,-0.21827622634798557
-1.2185677174599712,대전광역시,유성구,신동,대전광역시 유성구  신동 661-4,1.0037158492924065,2024-03-18,공업나지,1.65177796208844,-0.2298111695824004,-0.383568735548844,-0.28584708708533746,1979-12-31,0.3063210408981869,1.449540946168191,-0.3838411419515198,-0.20498001542269692,0.0,-0.23879059867206162,-0.14344382763731175,0.0,-0.21827622634798557,-0.5338296481690097,0.5959792419460607,-0.1574591643244434,-0.1704278238830942,0.23520023158188028,0.0,-0.5773502691896258,-1.0,1.7320508075688774,3,1.8305401369493255,-0.6396021490668313,2024,-0.551177112049985,0.4835605916233708,0.0,0.0,-0.2339138166512038,-0.21827622634798557
-1.208943973942677,대전광역시,유성구,신동,대전광역시 유성구  신동 661-7,0.972051957793818,2023-03-27,공업나지,1.5594801882648788,-0.2298111695824004,-0.3805024129014049,-0.2937073365946431,1979-12-31,1.0271683863241727,1.449540946168191,-0.3807746322451976,-0.20498001542269692,0.0,-0.23879059867206162,-0.14344382763731175,0.0,-0.21827622634798557,-0.5338296481690097,0.5959792419460607,-0.1574591643244434,-0.1704278238830942,0.23520023158188028,0.0,-0.5773502691896258,-1.0,1.7320508075688774,3,1.8305401369493255,-0.6396021490668313,2023,-0.551177112049985,0.4835605916233708,0.0,0.0,-0.2339138166512038,-0.21827622634798557
-1.1993202304253827,대전광역시,유성구,신동,대전광역시 유성구  신동 661-8,1.3041826452597884,2023-03-29,단독주택,1.8896374756318328,-0.2298111695824004,-0.37850624681474704,-0.28584708708533746,1979-12-31,1.0231300258455958,1.449540946168191,-0.37877834438381414,-0.20498001542269692,0.0,-0.23879059867206162,-0.14344382763731175,0.0,-0.21827622634798557,-0.5338296481690097,0.5959792419460607,-0.1574591643244434,-0.1704278238830942,0.23520023158188028,0.0,-0.5773502691896258,-1.0,1.7320508075688774,3,1.8305401369493255,-0.6396021490668313,2023,-0.551177112049985,0.4835605916233708,0.0,0.0,-0.2339138166512038,-0.21827622634798557
-1.1896964869080886,충청남도,아산시,음봉면,"충청남도 아산시 음봉면 산동리 950-129(토지, 건물), 685-75, 691-13, 691-15, 691-18, 691-23, 691-27, 711-8, 950-121, 950-133, 950-145, 950-151(토지 11필지)",-0.16903572330822325,2023-02-21,공장,0.9756427999654913,1.4533996095400776,-0.43117456638291374,-0.3855091185995526,2023-09-21,1.095820514459981,-1.248291358895309,-0.4314498769462305,-0.20498001542269692,0.0,-0.23879059867206162,-0.14344382763731175,0.0,-0.21827622634798557,1.8732567653930703,-1.6779107888635245,-0.1574591643244434,-0.1704278238830942,0.23520023158188028,0.0,-0.5773502691896258,1.0,-0.5773502691896258,2,-0.5462868471524165,-0.6396021490668313,2023,0.08624636675600796,0.4835605916233708,0.0,0.0,1.4521172867717334,-0.21827622634798557
-1.1704489998735002,충청남도,아산시,음봉면,충청남도 아산시 음봉면 산동리 690-67외,0.9605810736129655,2026-02-06,공장,0.6802502731351353,0.2772498937276383,-0.3048066057772813,-0.3660809547180613,2023-02-27,-1.0869133242108615,-1.248291358895309,-0.3050742073509417,-0.20498001542269692,0.0,-0.23879059867206162,-0.14344382763731175,0.0,-0.21827622634798557,1.8732567653930703,-1.6779107888635245,-0.1574591643244434,-0.1704278238830942,0.23520023158188028,0.0,-0.5773502691896258,-1.0,1.7320508075688774,2,-0.5462868471524165,-0.6396021490668313,2026,0.08624636675600796,0.4835605916233708,0.0,0.0,0.27399685899283827,-0.21827622634798557
-1.1608252563562058,충청남도,아산시,음봉면,충청남도 아산시 음봉면 산동리 950-130외 3필지,0.638523540634722,2025-12-04,공장,0.48694040584013654,0.7538517240689961,-0.3106705686351076,-0.3752018102807461,2021-04-07,-0.957685788896399,-1.125662617756059,-0.3109385279357488,-0.20498001542269692,0.0,-0.23879059867206162,-0.14344382763731175,0.0,-0.21827622634798557,1.8732567653930703,-1.6779107888635245,-0.1574591643244434,-0.1704278238830942,0.23520023158188028,0.0,-0.5773502691896258,-1.0,1.7320508075688774,12,-0.5462868471524165,-0.6396021490668313,2025,0.08624636675600796,0.4835605916233708,0.0,0.0,0.7513972653298038,-0.21827622634798557
-1.1512015128389117,충청남도,아산시,음봉면,충청남도 아산시 음봉면 산동리 230-12외,0.8057599660719994,2026-03-05,공장,0.32795033129385126,0.2859668452680174,-0.2624701644790957,-0.3363454825177634,2013-07-18,-1.1414311906716503,-0.635147653199059,-0.2627351833475634,-0.20498001542269692,0.0,-0.23879059867206162,-0.14344382763731175,0.0,-0.21827622634798557,-0.5338296481690097,0.5959792419460607,-0.1574591643244434,-0.1704278238830942,0.23520023158188028,0.0,-0.5773502691896258,-1.0,1.7320508075688774,3,1.8305401369493255,-0.6396021490668313,2026,0.08624636675600796,0.4835605916233708,0.0,0.0,0.28272841632742934,-0.21827622634798557
-1.1415777693216174,충청남도,아산시,음봉면,충청남도 아산시 음봉면 산동리 243-32 외 14필지,0.4206274652599671,2025-07-05,공장,0.06761774165146138,0.7593874892713631,-0.2544273368159082,-0.3363454825177634,2012-03-30,-0.6507703925245507,-0.573833282629434,-0.2546918650372611,-0.20498001542269692,0.0,-0.23879059867206162,-0.14344382763731175,0.0,-0.21827622634798557,-0.5338296481690097,0.5959792419460607,-0.1574591643244434,-0.1704278238830942,0.23520023158188028,0.0,-0.5773502691896258,1.0,-0.5773502691896258,7,-0.5462868471524165,-0.6396021490668313,2025,0.08624636675600796,0.4835605916233708,0.0,0.0,0.7569423060509088,-0.21827622634798557
-1.1127065387697348,경상북도,경주시,천북면,경상북도 경주시 천북면 오야리 1388-1,1.202124223346648,2023-12-19,공장,1.6111140741461263,4.357785163077958,-0.3692763003647465,-0.3965579598909351,2014-12-31,0.4880472624341497,-0.696462023768684,-0.36954783486734194,-0.20498001542269692,0.0,-0.23879059867206162,-0.14344382763731175,0.0,-0.21827622634798557,-0.5338296481690097,0.5959792419460607,-0.1574591643244434,-0.1704278238830942,0.23520023158188028,0.0,-0.5773502691896258,-1.0,1.7320508075688774,12,-0.5462868471524165,-0.6396021490668313,2023,-0.6928267740068723,-2.0679931684318618,0.0,0.0,4.361369318861287,-0.21827622634798557
-1.1030827952524407,경상북도,경주시,천북면,경상북도 경주시 천북면 화산리 1189-27,-0.40816344154456896,2025-04-22,공장,0.6278233753546876,1.9536849964372645,-0.4355506585603641,-0.4124267655040616,2004-02-18,-0.5013510548172034,-0.083318318072434,-0.4358262360841445,-0.20498001542269692,0.0,-0.23879059867206162,-0.14344382763731175,0.0,-0.21827622634798557,-0.5338296481690097,0.5959792419460607,-0.1574591643244434,-0.1704278238830942,0.23520023158188028,0.0,-0.5773502691896258,1.0,-0.5773502691896258,4,1.8305401369493255,-0.6396021490668313,2025,-0.6928267740068723,-2.0679931684318618,0.0,0.0,1.9532409329358706,-0.21827622634798557
-1.0934590517351463,경상북도,경주시,천북면,경상북도 경주시 천북면 오야리 1389,-0.689963782900532,2024-10-04,대지,-0.12245399372180349,-0.2298111695824004,-0.4116687869077267,-0.39789271924157193,1979-12-31,-0.0975150069595083,1.449540946168191,-0.4119429075345162,-0.20498001542269692,0.0,-0.23879059867206162,-0.14344382763731175,0.0,-0.21827622634798557,-0.5338296481690097,0.5959792419460607,-0.1574591643244434,-0.1704278238830942,0.23520023158188028,0.0,-0.5773502691896258,1.0,-0.5773502691896258,10,-0.5462868471524165,1.5634719199411433,2024,-0.6928267740068723,-2.0679931684318618,0.0,0.0,-0.2339138166512038,-0.21827622634798557
-1.0838353082178522,대구광역시,달성군,다사읍,"대구광역시 달성군 다사읍 세천리 1692(토지, 1동 건물)",1.387307304809138,2021-10-27,공장,0.16950655383368124,0.8012689346032992,-0.1397527503045016,-0.05649093866757889,2013-11-13,2.069065389797026,-0.635147653199059,-0.14001028288236209,-0.20498001542269692,0.0,-0.23879059867206162,-0.14344382763731175,0.0,-0.21827622634798557,-0.5338296481690097,0.5959792419460607,-0.1574591643244434,-0.1704278238830942,0.23520023158188028,0.0,-0.5773502691896258,-1.0,1.7320508075688774,10,-0.5462868471524165,1.5634719199411433,2021,-0.4803522810715414,0.4835605916233708,0.0,0.0,0.7988939263481392,-0.21827622634798557
-1.074211564700558,대구광역시,달성군,다사읍,대구광역시 달성군 다사읍 세천리 1662-4,1.9750623024944323,2025-11-11,공장,0.2680162542009764,1.6400751306742014,-0.09421198143394918,-0.061755822772868535,2011-06-27,-0.9112446433927641,-0.512518912059809,-0.09446673582883916,-0.20498001542269692,0.0,-0.23879059867206162,-0.14344382763731175,0.0,-0.21827622634798557,-0.5338296481690097,0.5959792419460607,-0.1574591643244434,-0.1704278238830942,0.23520023158188028,0.0,-0.5773502691896258,-1.0,1.7320508075688774,11,-0.5462868471524165,1.5634719199411433,2025,-0.4803522810715414,0.4835605916233708,0.0,0.0,1.6391055943465604,-0.21827622634798557
-1.0645878211832638,대구광역시,달성군,다사읍,대구광역시 달성군 다사읍 세천리 1668-8,1.3905278801389205,2025-07-11,공장,-0.01187289000001884,0.41579431605475503,-0.06039208469941991,-0.06160751617835333,2020-12-17,-0.6628854739602815,-1.064348247186434,-0.06064477593500223,-0.20498001542269692,0.0,-0.23879059867206162,-0.14344382763731175,0.0,-0.21827622634798557,1.8732567653930703,-1.6779107888635245,-0.1574591643244434,-0.1704278238830942,0.23520023158188028,0.0,-0.5773502691896258,-1.0,1.7320508075688774,7,-0.5462868471524165,-0.6396021490668313,2025,-0.4803522810715414,0.4835605916233708,0.0,0.0,0.41277342111244497,-0.21827622634798557
-1.0549640776659697,대구광역시,달성군,다사읍,대구광역시 달성군 다사읍 세천리 1673-9,2.361531342068324,2026-01-20,공장,0.21118373475830624,1.5031713989387365,-0.01830739934067389,-0.04284673197218039,2011-07-20,-1.0525872601429573,-0.512518912059809,-0.01855752322925963,-0.20498001542269692,0.0,-0.23879059867206162,-0.14344382763731175,0.0,-0.21827622634798557,-0.5338296481690097,0.5959792419460607,-0.1574591643244434,-0.1704278238830942,0.23520023158188028,0.0,-0.5773502691896258,-1.0,1.7320508075688774,1,-0.5462868471524165,-0.6396021490668313,2026,-0.4803522810715414,0.4835605916233708,0.0,0.0,1.5019724718976883,-0.21827622634798557
-1.0453403341486753,대구광역시,달성군,다사읍,대구광역시 달성군 다사읍 세천리 1674-7,1.379255866484682,2026-01-09,공장,-0.019979233858508274,2.938124400139672,-0.05808344065940293,-0.052412507318410864,2011-06-24,-1.030376277510784,-0.512518912059809,-0.058335991057759336,-0.20498001542269692,0.0,-0.23879059867206162,-0.14344382763731175,0.0,-0.21827622634798557,-0.5338296481690097,0.5959792419460607,-0.1574591643244434,-0.1704278238830942,0.23520023158188028,0.0,-0.5773502691896258,-1.0,1.7320508075688774,1,-0.5462868471524165,-0.6396021490668313,2026,-0.4803522810715414,0.4835605916233708,0.0,0.0,2.9393298260587533,-0.21827622634798557
-1.0357165906313812,대구광역시,달성군,다사읍,대구광역시 달성군 다사읍 세천리 1684-6,1.0410954568575264,2025-11-05,공장,-0.14183872903558248,0.5214748291261896,-0.05204666109276885,-0.06160751617835333,2011-07-19,-0.8991295619570332,-0.512518912059809,-0.052298843221581216,-0.20498001542269692,0.0,-0.23879059867206162,-0.14344382763731175,0.0,-0.21827622634798557,-0.5338296481690097,0.5959792419460607,-0.1574591643244434,-0.1704278238830942,0.23520023158188028,0.0,-0.5773502691896258,-1.0,1.7320508075688774,11,-0.5462868471524165,1.5634719199411433,2025,-0.4803522810715414,0.4835605916233708,0.0,0.0,0.5186310084533634,-0.21827622634798557
-1.0164691035967928,부산광역시,기장군,일광읍,부산광역시 기장군 일광읍 삼성리 33-19,-1.1706346508705603,2025-12-02,근린생활시설,-0.8745244508148191,-0.2298111695824004,0.7183281168433344,2.460494430147157,1979-12-31,-0.9536474284178221,1.449540946168191,0.7181229308927163,-0.20498001542269692,0.0,-0.23879059867206162,-0.14344382763731175,0.0,-0.21827622634798557,-0.5338296481690097,0.5959792419460607,-0.1574591643244434,-0.1704278238830942,0.23520023158188028,0.0,1.7320508075688774,-1.0,-0.5773502691896258,12,-0.5462868471524165,-0.6396021490668313,2025,-0.6220019430284287,-2.0679931684318618,0.0,0.0,-0.2339138166512038,-0.21827622634798557
-1.0068453600794984,부산광역시,기장군,일광읍,부산광역시 기장군 일광읍 삼성리 33-8,-0.40816344154456896,2023-12-15,주상용,-0.7932539480118007,-0.6565660643911307,0.8987815381133737,1.5461842749609422,1986-08-19,0.49612398339130365,1.020340352180816,0.8985873605983699,-0.20498001542269692,0.0,-0.23879059867206162,-0.14344382763731175,0.0,-0.21827622634798557,-0.5338296481690097,0.5959792419460607,-0.1574591643244434,-0.1704278238830942,0.23520023158188028,0.0,-0.5773502691896258,1.0,-0.5773502691896258,12,-0.5462868471524165,-0.6396021490668313,2023,-0.6220019430284287,-2.0679931684318618,0.0,0.0,-0.661383765816226,-0.21827622634798557
-0.9972216165622043,부산광역시,기장군,일광읍,"부산광역시 기장군 일광읍 삼성리 33-11, 33-13, 33-14, 33-16, 33-7",1.2009165075979797,2024-04-03,"위락시설, 숙박시설",-0.7677013423709103,0.01195899210650404,2.760094862554305,1.2169436351371956,1988-12-21,0.2740141570695713,0.897711611041566,2.7600142331657147,-0.20498001542269692,0.0,-0.23879059867206162,-0.14344382763731175,0.0,-0.21827622634798557,-0.5338296481690097,0.5959792419460607,-0.1574591643244434,-0.1704278238830942,0.23520023158188028,0.0,-0.5773502691896258,-1.0,1.7320508075688774,4,1.8305401369493255,-0.6396021490668313,2024,-0.6220019430284287,-2.0679931684318618,0.0,0.0,0.00826144597371796,-0.21827622634798557
-0.9875978730449101,부산광역시,기장군,일광읍,부산광역시 기장군 일광읍 삼성리 886-2,2.892926271482426,2023-09-07,대지,-0.5757924627644984,-0.2298111695824004,1.5381299123108012,2.2091147524438917,1979-12-31,0.6960228270808627,1.449540946168191,1.5379747377992479,-0.20498001542269692,0.0,-0.23879059867206162,-0.14344382763731175,0.0,-0.21827622634798557,-0.5338296481690097,0.5959792419460607,-0.1574591643244434,-0.1704278238830942,0.23520023158188028,0.0,-0.5773502691896258,-1.0,1.7320508075688774,9,-0.5462868471524165,1.5634719199411433,2023,-0.6220019430284287,-2.0679931684318618,0.0,0.0,-0.2339138166512038,-0.21827622634798557
-0.9683503860103216,경기도,화성만세구,장안면,경기도 화성만세구 장안면 수촌리 185,-0.40816344154456896,2025-11-21,공업용,-0.43393144524093397,0.24501220225502948,-0.24207271241044287,-0.32522248792912334,2015-07-30,-0.9314364457856489,-0.757776394338309,-0.24233648694651602,-0.20498001542269692,0.0,-0.23879059867206162,-0.14344382763731175,0.0,-0.21827622634798557,-0.5338296481690097,0.5959792419460607,-0.1574591643244434,-0.1704278238830942,0.23520023158188028,0.0,-0.5773502691896258,1.0,-0.5773502691896258,11,-0.5462868471524165,1.5634719199411433,2025,2.1401664651308745,0.4835605916233708,0.0,0.0,0.2417051512640491,-0.21827622634798557
-0.9587266424930274,경기도,화성만세구,장안면,경기도 화성만세구 장안면 수촌리 419-28,-0.2551861133799034,2025-09-19,근린생활시설,-0.5238061271502729,-0.5765980534926819,-0.1073362238766957,-0.1598606350446741,2024-02-27,-0.8042280907104749,-1.309605729464934,-0.10759177890687929,4.878524367060187,0.0,-0.23879059867206162,-0.14344382763731175,0.0,-0.21827622634798557,-0.5338296481690097,-1.6779107888635245,-0.1574591643244434,-0.1704278238830942,0.23520023158188028,0.0,-0.5773502691896258,1.0,-0.5773502691896258,9,-0.5462868471524165,1.5634719199411433,2025,2.1401664651308745,0.4835605916233708,0.0,0.0,-0.5812817635441515,-0.21827622634798557
-0.9491028989757332,경기도,화성만세구,장안면,경기도 화성만세구 장안면 수촌리 741-3,-1.0728096752284189,2026-03-27,공업나지,-0.37181217980359677,-0.2298111695824004,-0.4747186981901013,-0.32092159668818254,1979-12-31,-1.1858531559359968,1.449540946168191,-0.4749966651329315,-0.20498001542269692,0.0,-0.23879059867206162,-0.14344382763731175,0.0,-0.21827622634798557,-0.5338296481690097,0.5959792419460607,-0.1574591643244434,-0.1704278238830942,0.23520023158188028,0.0,1.7320508075688774,-1.0,-0.5773502691896258,3,1.8305401369493255,-0.6396021490668313,2026,2.1401664651308745,0.4835605916233708,0.0,0.0,-0.2339138166512038,-0.21827622634798557
-0.9394791554584391,경기도,화성만세구,장안면,경기도 화성만세구 장안면 수촌리 957-8외 4필지,-0.016863538976003237,2026-03-31,공업용,-0.030817063147575572,-0.17345156910581158,-0.30240163028140904,-0.5095675849115183,2025-12-29,-1.1939298768931508,-1.370920100034559,-0.3026690851412099,4.878524367060187,0.0,-0.23879059867206162,-0.14344382763731175,0.0,-0.21827622634798557,-0.5338296481690097,-1.6779107888635245,-0.1574591643244434,-0.1704278238830942,0.23520023158188028,0.0,-0.5773502691896258,1.0,-0.5773502691896258,3,1.8305401369493255,-0.6396021490668313,2026,2.1401664651308745,0.4835605916233708,0.0,0.0,-0.1774597821603133,-0.21827622634798557
-0.9298554119411448,경기도,화성만세구,장안면,경기도 화성만세구 장안면 수촌리 957-9외 3필지,0.008095919829810628,2026-04-24,공업용,-0.061656414783133044,-0.12084927532766204,-0.2896788742658845,-0.3182520779869089,2024-11-11,-1.242390202636074,-1.309605729464934,-0.28994555298279245,4.878524367060187,0.0,-0.23879059867206162,-0.14344382763731175,0.0,-0.21827622634798557,-0.5338296481690097,-1.6779107888635245,-0.1574591643244434,-0.1704278238830942,0.23520023158188028,0.0,-0.5773502691896258,1.0,-0.5773502691896258,4,1.8305401369493255,-0.6396021490668313,2026,2.1401664651308745,0.4835605916233708,0.0,0.0,-0.12476934996881567,-0.21827622634798557
-0.9202316684238506,경기도,파주시,탄현면,"경기도 파주시 탄현면 금승리 295, 296-1, 3063-4, 305-1(토지 4필지, 1동, 2동, 3동 건물 3개동), 295-1, 303, 314-1(토지 3필지)",2.152193945632466,2025-08-25,공장,1.2772120083662835,1.246810362904226,-0.2794340919330436,-0.31291304058436165,2017-07-19,-0.753748584728263,-0.880405135477559,-0.27970014567412177,-0.20498001542269692,0.0,-0.23879059867206162,-0.14344382763731175,0.0,-0.21827622634798557,1.8732567653930703,-1.6779107888635245,-0.1574591643244434,-0.1704278238830942,0.23520023158188028,0.0,-0.5773502691896258,-1.0,1.7320508075688774,8,-0.5462868471524165,-0.6396021490668313,2025,-0.4803522810715414,0.4835605916233708,0.0,0.0,1.245181887010125,-0.21827622634798557
-0.9106079249065564,경기도,파주시,탄현면,"경기도 파주시 탄현면 금승리 226-1, 226-2, 226-4, 226-5, 226-6",1.0410954568575264,2025-11-17,"공장, 소매점 등",0.7298575730517606,0.31572471431965626,-0.3037304073860487,0.014028847024399247,2007-09-03,-0.9233597248284949,-0.267261429781309,-0.30399794330697383,-0.20498001542269692,0.0,-0.23879059867206162,-0.14344382763731175,0.0,-0.21827622634798557,-0.5338296481690097,0.5959792419460607,-0.1574591643244434,-0.1704278238830942,0.23520023158188028,0.0,-0.5773502691896258,-1.0,1.7320508075688774,11,-0.5462868471524165,1.5634719199411433,2025,-0.4803522810715414,0.4835605916233708,0.0,0.0,0.31253614653861944,-0.21827622634798557
-0.9009841813892622,경기도,파주시,탄현면,"경기도 파주시 탄현면 금승리 67-6, 67-9",1.0410954568575264,2024-07-02,공장,0.3952065515893398,0.25362895895011683,-0.24780638438252875,-0.15644958337082446,2022-02-21,0.09228793553360845,-1.186976988325684,-0.24807050869727768,-0.20498001542269692,0.0,-0.23879059867206162,-0.14344382763731175,0.0,-0.21827622634798557,1.8732567653930703,-1.6779107888635245,-0.1574591643244434,-0.1704278238830942,0.23520023158188028,0.0,-0.5773502691896258,-1.0,1.7320508075688774,7,-0.5462868471524165,-0.6396021490668313,2024,-0.4803522810715414,0.4835605916233708,0.0,0.0,0.25033634587065623,-0.21827622634798557
-0.891360437871968,경기도,파주시,탄현면,"경기도 파주시 탄현면 금승리 264-13, 264-20 외 3필지",-0.16662029181088642,2025-01-14,공장,0.14352219726989296,1.5661814322715626,-0.36119109619237616,-0.2980823811328415,2011-08-17,-0.30347139136693285,-0.512518912059809,-0.3614621374627074,-0.20498001542269692,0.0,-0.23879059867206162,-0.14344382763731175,0.0,-0.21827622634798557,-0.5338296481690097,0.5959792419460607,-0.1574591643244434,-0.1704278238830942,0.23520023158188028,0.0,-0.5773502691896258,1.0,-0.5773502691896258,1,-0.5462868471524165,-0.6396021490668313,2025,-0.4803522810715414,0.4835605916233708,0.0,0.0,1.565088082458504,-0.21827622634798557
-0.8817366943546737,경기도,파주시,탄현면,경기도 파주시 탄현면 금승리 477-59,-0.6131884876138485,2024-09-09,대지,-0.5696245924373868,-0.2298111695824004,-0.22244398673384344,-0.2870335398414591,1979-12-31,-0.04703550097729639,1.449540946168191,-0.22270656383314164,-0.20498001542269692,0.0,-0.23879059867206162,-0.14344382763731175,0.0,-0.21827622634798557,-0.5338296481690097,0.5959792419460607,-0.1574591643244434,-0.1704278238830942,0.23520023158188028,0.0,-0.5773502691896258,1.0,-0.5773502691896258,9,-0.5462868471524165,1.5634719199411433,2024,-0.4803522810715414,0.4835605916233708,0.0,0.0,-0.2339138166512038,-0.21827622634798557
-0.8721129508373795,경기도,파주시,탄현면,경기도 파주시 탄현면 금승리 163-1,-0.8026839194429172,2023-05-22,근린생활시설,-0.6454012850276138,-0.7263517741368092,-0.2502730795553228,-0.11040038577385451,2008-04-14,0.9140942929240181,-0.328575800350934,-0.2505373543490973,-0.20498001542269692,0.0,-0.23879059867206162,-0.14344382763731175,0.0,-0.21827622634798557,-0.5338296481690097,0.5959792419460607,-0.1574591643244434,-0.1704278238830942,0.23520023158188028,0.0,1.7320508075688774,-1.0,-0.5773502691896258,5,1.8305401369493255,-0.6396021490668313,2023,-0.4803522810715414,0.4835605916233708,0.0,0.0,-0.7312864058569464,-0.21827622634798557
-0.8624892073200854,경상북도,구미시,공단동,"경상북도 구미시 공단동 150(토지, 8-1동, 8-2동 건물 2개동)",-0.8026839194429172,2022-08-09,공장,0.5203262067964587,1.1235707031954185,-0.47217927851561936,-0.3729030580657605,2013-11-13,1.4915798413605224,-0.635147653199059,-0.4724570905429163,-0.20498001542269692,0.0,-0.23879059867206162,-0.14344382763731175,0.0,-0.21827622634798557,-0.5338296481690097,0.5959792419460607,-0.1574591643244434,-0.1704278238830942,0.23520023158188028,0.0,1.7320508075688774,-1.0,-0.5773502691896258,8,-0.5462868471524165,-0.6396021490668313,2022,-0.19705295715776672,0.4835605916233708,0.0,0.0,1.1217357315900445,-0.21827622634798557
-0.8528654638027912,경상북도,구미시,공단동,경상북도 구미시  공단동 129-14,0.7995523071238438,2025-07-18,공장,0.10399495971643281,0.6390284313646926,-0.205533249669859,-0.3780937888737926,2012-11-14,-0.6770197356353008,-0.573833282629434,-0.20579479514138949,-0.20498001542269692,0.0,-0.23879059867206162,-0.14344382763731175,0.0,-0.21827622634798557,-0.5338296481690097,0.5959792419460607,-0.1574591643244434,-0.1704278238830942,0.23520023158188028,0.0,-0.5773502691896258,-1.0,1.7320508075688774,7,-0.5462868471524165,-0.6396021490668313,2025,-0.19705295715776672,0.4835605916233708,0.0,0.0,0.6363815790603627,-0.21827622634798557
-0.8432417202854969,경상북도,구미시,공단동,경상북도 구미시  공단동 130-7,-0.7302209745228124,2025-10-14,공장,-0.5871765891396813,-0.4433013361877187,-0.26563360263177743,-0.3956681203238439,2009-09-22,-0.8547075966926867,-0.389890170920559,-0.2658988144835921,-0.20498001542269692,0.0,-0.23879059867206162,-0.14344382763731175,0.0,-0.21827622634798557,-0.5338296481690097,0.5959792419460607,-0.1574591643244434,-0.1704278238830942,0.23520023158188028,0.0,-0.5773502691896258,1.0,-0.5773502691896258,10,-0.5462868471524165,1.5634719199411433,2025,-0.19705295715776672,0.4835605916233708,0.0,0.0,-0.44776169930269666,-0.21827622634798557
-0.8336179767682027,경상북도,구미시,공단동,경상북도 구미시  공단동 130-7,-0.7382724128472684,2025-12-02,공장,-0.5752329488133961,-0.42211012640852136,-0.2795054438507347,-0.3956681203238439,2009-09-22,-0.9536474284178221,-0.389890170920559,-0.27977150194458705,-0.20498001542269692,0.0,-0.23879059867206162,-0.14344382763731175,0.0,-0.21827622634798557,-0.5338296481690097,0.5959792419460607,-0.1574591643244434,-0.1704278238830942,0.23520023158188028,0.0,1.7320508075688774,-1.0,-0.5773502691896258,12,-0.5462868471524165,-0.6396021490668313,2025,-0.19705295715776672,0.4835605916233708,0.0,0.0,-0.42653498233412185,-0.21827622634798557
-0.8239942332509085,경상북도,구미시,공단동,"경상북도 구미시  공단동 161, 161-1",0.12323148786953264,2026-01-17,공장,0.08857528389865407,0.728214368029979,-0.30682626051643586,-0.3780937888737926,2007-08-20,-1.046529719425092,-0.267261429781309,-0.30709398529773074,-0.20498001542269692,0.0,-0.23879059867206162,-0.14344382763731175,0.0,-0.21827622634798557,-0.5338296481690097,0.5959792419460607,-0.1574591643244434,-0.1704278238830942,0.23520023158188028,0.0,-0.5773502691896258,1.0,-0.5773502691896258,1,-0.5462868471524165,-0.6396021490668313,2026,-0.19705295715776672,0.4835605916233708,0.0,0.0,0.7257169523069475,-0.21827622634798557
-0.80474674621632,경기도,화성시,효행구,"경기도 화성시 효행구 정남면 문학리 294-18(토지, 건물)",1.0531726143442104,2024-04-25,공장,-0.16915358334136196,1.0253797548095394,-0.031597369366461965,-0.15704280974888526,2009-12-02,0.2295921918052248,-0.389890170920559,-0.0318483040004374,-0.20498001542269692,0.0,-0.23879059867206162,-0.14344382763731175,0.0,-0.21827622634798557,-0.5338296481690097,0.5959792419460607,-0.1574591643244434,-0.1704278238830942,0.23520023158188028,0.0,-0.5773502691896258,-1.0,1.7320508075688774,4,1.8305401369493255,-0.6396021490668313,2024,-0.551177112049985,0.4835605916233708,0.0,0.0,1.0233802581659157,-0.21827622634798557
-0.7951230026990258,경기도,화성효행구,정남면,경기도 화성효행구 정남면 문학리 226-2외 4필지,-0.6768341108006093,2025-10-28,공장,-0.5815197709253876,-0.7139401376762982,-0.2431671696770738,-0.4274057315500969,2025-10-15,-0.8829761200427254,-1.370920100034559,-0.24343101097975225,4.878524367060187,0.0,-0.23879059867206162,-0.14344382763731175,0.0,-0.21827622634798557,-0.5338296481690097,-1.6779107888635245,-0.1574591643244434,-0.1704278238830942,0.23520023158188028,0.0,-0.5773502691896258,1.0,-0.5773502691896258,10,-0.5462868471524165,1.5634719199411433,2025,-0.551177112049985,0.4835605916233708,0.0,0.0,-0.7188539729279525,-0.21827622634798557
-0.7854992591817317,경기도,화성효행구,정남면,경기도 화성효행구 정남면 문학리 55-4외 3필지,-0.08610590856632556,2025-08-04,근린생활시설,-0.1678318968426952,-0.4665214915840733,-0.2759370362672139,-0.2722770336871965,2023-12-18,-0.711345799703205,-1.248291358895309,-0.2762028766728403,-0.20498001542269692,0.0,-0.23879059867206162,-0.14344382763731175,0.0,-0.21827622634798557,1.8732567653930703,-1.6779107888635245,-0.1574591643244434,-0.1704278238830942,0.23520023158188028,0.0,-0.5773502691896258,1.0,-0.5773502691896258,8,-0.5462868471524165,-0.6396021490668313,2025,-0.551177112049985,0.4835605916233708,0.0,0.0,-0.47102076151294353,-0.21827622634798557
-0.7758755156644375,경기도,화성효행구,정남면,"경기도 화성효행구 정남면 문학리 82-5, 82-8",-0.8308639535785134,2025-10-17,근린생활시설(제조업소),-0.6654468635907261,-0.7539554540146761,-0.24534792564410454,-0.23171518008728903,2019-06-24,-0.8607651374105522,-1.003033876616809,-0.24561189998228591,-0.20498001542269692,0.0,-0.23879059867206162,-0.14344382763731175,0.0,-0.21827622634798557,1.8732567653930703,-1.6779107888635245,-0.1574591643244434,-0.1704278238830942,0.23520023158188028,0.0,1.7320508075688774,-1.0,-0.5773502691896258,10,-0.5462868471524165,1.5634719199411433,2025,-0.551177112049985,0.4835605916233708,0.0,0.0,-0.7589363374164847,-0.21827622634798557
-0.7662517721471432,경기도,화성효행구,정남면,경기도 화성효행구 정남면 문학리 226외 3필지,-0.6166956941479815,2024-07-18,공장(제조공장),-0.5951771980782773,-0.714503733681064,-0.1978908498833197,-0.22926812127778823,2024-10-25,0.05998105170499283,-1.309605729464934,-0.19815192913555993,4.878524367060187,0.0,-0.23879059867206162,-0.14344382763731175,0.0,-0.21827622634798557,-0.5338296481690097,-1.6779107888635245,-0.1574591643244434,-0.1704278238830942,0.23520023158188028,0.0,-0.5773502691896258,1.0,-0.5773502691896258,7,-0.5462868471524165,-0.6396021490668313,2024,-0.551177112049985,0.4835605916233708,0.0,0.0,-0.7194185132728613,-0.21827622634798557
-0.756628028629849,경기도,화성효행구,정남면,경기도 화성효행구 정남면 문학리 501-48외 2필지,-0.5450378930603225,2024-06-28,공장,-0.5312956839760511,-0.6358382557714075,-0.22506838898284848,-0.20998826399081208,2015-11-13,0.10036465649076234,-0.757776394338309,-0.22533112618198275,-0.20498001542269692,0.0,-0.23879059867206162,-0.14344382763731175,0.0,-0.21827622634798557,-0.5338296481690097,0.5959792419460607,-0.1574591643244434,-0.1704278238830942,0.23520023158188028,0.0,-0.5773502691896258,1.0,-0.5773502691896258,6,-0.5462868471524165,-0.6396021490668313,2024,-0.551177112049985,0.4835605916233708,0.0,0.0,-0.6406212264645763,-0.21827622634798557
-0.7373805415952606,경기도,화성만세구,향남읍,"경기도 화성만세구 향남읍 요리 94-12, 94-7",0.008901063662256237,2025-09-03,공장,-0.1431604155342492,0.02075108978085187,-0.26438308156204193,-0.2999362135642816,2018-12-31,-0.7719212068818593,-0.941719506047184,-0.2646482171266875,-0.20498001542269692,0.0,-0.23879059867206162,-0.14344382763731175,0.0,-0.21827622634798557,1.8732567653930703,-1.6779107888635245,-0.1574591643244434,-0.1704278238830942,0.23520023158188028,0.0,-0.5773502691896258,1.0,-0.5773502691896258,9,-0.5462868471524165,1.5634719199411433,2025,2.1401664651308745,0.4835605916233708,0.0,0.0,0.017068275354296936,-0.21827622634798557
-0.7277567980779663,경기도,화성만세구,향남읍,"경기도 화성만세구 향남읍 요리 121-6, 122",0.17959155614072525,2025-12-08,공장,0.13307206268710128,1.0435651192299855,-0.30758551500961206,-0.20583567934438643,2009-06-10,-0.9657625098535529,-0.389890170920559,-0.30785328610869983,-0.20498001542269692,0.0,-0.23879059867206162,-0.14344382763731175,0.0,-0.21827622634798557,-0.5338296481690097,0.5959792419460607,-0.1574591643244434,-0.1704278238830942,0.23520023158188028,0.0,-0.5773502691896258,1.0,-0.5773502691896258,12,-0.5462868471524165,-0.6396021490668313,2025,2.1401664651308745,0.4835605916233708,0.0,0.0,1.0415960932949764,-0.21827622634798557
-0.7181330545606721,경기도,화성만세구,향남읍,경기도 화성만세구 향남읍 요리 39-4,-0.8550182685518817,2025-07-03,공장,-0.08853070692269027,-0.597075374999176,-0.4479097116390432,-0.24246740818964113,2006-10-02,-0.6467320320459737,-0.205947059211684,-0.44818604311827154,-0.20498001542269692,0.0,-0.23879059867206162,-0.14344382763731175,0.0,-0.21827622634798557,-0.5338296481690097,0.5959792419460607,-0.1574591643244434,-0.1704278238830942,0.23520023158188028,0.0,1.7320508075688774,-1.0,-0.5773502691896258,7,-0.5462868471524165,-0.6396021490668313,2025,2.1401664651308745,0.4835605916233708,0.0,0.0,-0.6017933960758417,-0.21827622634798557
-0.7085093110433779,경기도,화성만세구,향남읍,경기도 화성만세구 향남읍 요리 202-2외 2필지,0.031058621931159384,2024-05-14,공장,-0.17444473495769117,-0.3692823942284655,-0.2484086622639419,-0.2904445915153087,2024-01-23,0.19122776725874377,-1.309605729464934,-0.24867282332023452,4.878524367060187,0.0,-0.23879059867206162,-0.14344382763731175,0.0,-0.21827622634798557,-0.5338296481690097,-1.6779107888635245,-0.1574591643244434,-0.1704278238830942,0.23520023158188028,0.0,-0.5773502691896258,1.0,-0.5773502691896258,5,1.8305401369493255,-0.6396021490668313,2024,2.1401664651308745,0.4835605916233708,0.0,0.0,-0.37361873400466067,-0.21827622634798557
-0.6988855675260838,경기도,화성만세구,향남읍,경기도 화성만세구 향남읍 요리 31외 2필지,-0.5289350164114103,2024-10-09,공장,-0.522264159568495,-0.592654277450679,-0.22558596940596162,-0.20583567934438643,2017-08-08,-0.10761090815595067,-0.880405135477559,-0.2258487381797301,-0.20498001542269692,0.0,-0.23879059867206162,-0.14344382763731175,0.0,-0.21827622634798557,1.8732567653930703,-1.6779107888635245,-0.1574591643244434,-0.1704278238830942,0.23520023158188028,0.0,-0.5773502691896258,1.0,-0.5773502691896258,10,-0.5462868471524165,1.5634719199411433,2024,2.1401664651308745,0.4835605916233708,0.0,0.0,-0.5973648907035563,-0.21827622634798557
-0.6892618240087895,충청북도,진천군,진천읍,"충청북도 진천군 진천읍 지암리 16-8, 16-9, 16-10, 16-11(토지 4필지, 건물), 산54-2, 산66-2(토지 2필지)",1.0410954568575264,2023-06-20,공장,5.905722616185395,2.8671238278948317,-0.46625267570912654,-0.462480241152942,1994-09-03,0.8555380659846523,0.529825387623816,-0.4665301261881361,-0.20498001542269692,0.0,-0.23879059867206162,-0.14344382763731175,0.0,-0.21827622634798557,-0.5338296481690097,0.5959792419460607,-0.1574591643244434,-0.1704278238830942,0.23520023158188028,0.0,-0.5773502691896258,-1.0,1.7320508075688774,6,-0.5462868471524165,-0.6396021490668313,2023,-0.551177112049985,0.4835605916233708,0.0,0.0,2.868210287941229,-0.21827622634798557
-0.6796380804914953,충청북도,진천군,진천읍,충청북도 진천군 진천읍 지암리 14,-1.0842918314229255,2021-05-10,공업나지,-0.2484547732613669,-0.2298111695824004,-0.48570703931918163,-0.462480241152942,1979-12-31,2.412326030476067,1.449540946168191,-0.4859856765981295,-0.20498001542269692,0.0,-0.23879059867206162,-0.14344382763731175,0.0,-0.21827622634798557,-0.5338296481690097,0.5959792419460607,-0.1574591643244434,-0.1704278238830942,0.23520023158188028,0.0,1.7320508075688774,-1.0,-0.5773502691896258,5,1.8305401369493255,-0.6396021490668313,2021,-0.551177112049985,0.4835605916233708,0.0,0.0,-0.2339138166512038,-0.21827622634798557
-0.6700143369742011,충청북도,진천군,진천읍,충청북도 진천군 진천읍 지암리 15,-1.1493852948446557,2021-05-10,공업나지,-0.5669812194400533,-0.2298111695824004,-0.4857073000058245,-0.4608488686132748,1979-12-31,2.412326030476067,1.449540946168191,-0.48598593730067535,-0.20498001542269692,0.0,-0.23879059867206162,-0.14344382763731175,0.0,-0.21827622634798557,-0.5338296481690097,0.5959792419460607,-0.1574591643244434,-0.1704278238830942,0.23520023158188028,0.0,1.7320508075688774,-1.0,-0.5773502691896258,5,1.8305401369493255,-0.6396021490668313,2021,-0.551177112049985,0.4835605916233708,0.0,0.0,-0.2339138166512038,-0.21827622634798557
-0.6603905934569069,충청북도,진천군,진천읍,충청북도 진천군 진천읍 지암리 16-5,-0.858041583642715,2021-05-10,공업나지,0.8586779504551464,-0.2298111695824004,-0.48570699059491323,-0.462480241152942,1979-12-31,2.412326030476067,1.449540946168191,-0.48598562787088867,-0.20498001542269692,0.0,-0.23879059867206162,-0.14344382763731175,0.0,-0.21827622634798557,-0.5338296481690097,0.5959792419460607,-0.1574591643244434,-0.1704278238830942,0.23520023158188028,0.0,1.7320508075688774,-1.0,-0.5773502691896258,5,1.8305401369493255,-0.6396021490668313,2021,-0.551177112049985,0.4835605916233708,0.0,0.0,-0.2339138166512038,-0.21827622634798557
-0.6507668499396126,충청북도,진천군,진천읍,충청북도 진천군 진천읍 지암리 821-1,-0.7302209745228124,2022-02-28,공장,0.017556662703627414,0.01536561684642233,-0.4348964888969712,-0.4569928971558796,2009-02-04,1.8186870401252553,-0.389890170920559,-0.43517202651358555,-0.20498001542269692,0.0,-0.23879059867206162,-0.14344382763731175,0.0,-0.21827622634798557,-0.5338296481690097,0.5959792419460607,-0.1574591643244434,-0.1704278238830942,0.23520023158188028,0.0,-0.5773502691896258,1.0,-0.5773502691896258,2,-0.5462868471524165,-0.6396021490668313,2022,-0.551177112049985,0.4835605916233708,0.0,0.0,0.011673778725167406,-0.21827622634798557
-0.6218956193877301,경기도,화성만세구,장안면,경기도 화성만세구 장안면 독정리 101-33외 3필지,1.4517188114047868,2025-09-18,공장,0.6758446514729128,0.4277175026444689,-0.2561768522778548,-0.3700110794727141,2022-10-31,-0.8022089104711864,-1.186976988325684,-0.2564414872271832,-0.20498001542269692,0.0,-0.23879059867206162,-0.14344382763731175,0.0,-0.21827622634798557,1.8732567653930703,-1.6779107888635245,-0.1574591643244434,-0.1704278238830942,0.23520023158188028,0.0,-0.5773502691896258,-1.0,1.7320508075688774,9,-0.5462868471524165,1.5634719199411433,2025,2.1401664651308745,0.4835605916233708,0.0,0.0,0.4247165857425177,-0.21827622634798557
-0.6122718758704359,경기도,화성만세구,장안면,"경기도 화성만세구 장안면 독정리 569-8, 569-9, 569-10, 568-4",-0.6617837487649356,2024-05-31,공장,-0.7705209402347327,-0.3454735941160221,0.251120868694192,-0.34250020619014426,2023-06-26,0.15690170319083968,-1.248291358895309,0.2508871810899418,-0.20498001542269692,0.0,-0.23879059867206162,-0.14344382763731175,0.0,-0.21827622634798557,1.8732567653930703,-1.6779107888635245,-0.1574591643244434,-0.1704278238830942,0.23520023158188028,0.0,-0.5773502691896258,1.0,-0.5773502691896258,5,1.8305401369493255,-0.6396021490668313,2024,2.1401664651308745,0.4835605916233708,0.0,0.0,-0.34977004076750895,-0.21827622634798557
-0.6026481323531416,경기도,화성만세구,장안면,경기도 화성만세구 장안면 독정리 467-8,-0.7543752894961806,2024-11-22,공장,-0.5828414574240544,-0.714503733681064,-0.2816751611726503,-0.3401273006779011,2021-09-06,-0.1964548386846436,-1.125662617756059,-0.2819413516286007,-0.20498001542269692,0.0,-0.23879059867206162,-0.14344382763731175,0.0,-0.21827622634798557,1.8732567653930703,-1.6779107888635245,-0.1574591643244434,-0.1704278238830942,0.23520023158188028,0.0,1.7320508075688774,-1.0,-0.5773502691896258,11,-0.5462868471524165,1.5634719199411433,2024,2.1401664651308745,0.4835605916233708,0.0,0.0,-0.7194185132728613,-0.21827622634798557
-0.5930243888358474,경기도,화성만세구,장안면,"경기도 화성만세구 장안면 독정리 355-4, 355-7, 355-22",0.3164660076564787,2025-03-28,공장,0.2478076676363617,0.26254630018107933,-0.31040693768718186,-0.32003175712109133,2007-05-10,-0.4508715488349916,-0.267261429781309,-0.3106748809052003,-0.20498001542269692,0.0,-0.23879059867206162,-0.14344382763731175,0.0,-0.21827622634798557,-0.5338296481690097,0.5959792419460607,-0.1574591643244434,-0.1704278238830942,0.23520023158188028,0.0,-0.5773502691896258,1.0,-0.5773502691896258,3,1.8305401369493255,-0.6396021490668313,2025,2.1401664651308745,0.4835605916233708,0.0,0.0,0.2592686286612148,-0.21827622634798557
-0.5834006453185532,경상남도,산청군,생비량면,"경상남도 산청군 생비량면 화현리 1675-1(토지, 제1동 건물)",-0.759608724407077,2022-01-04,공장,0.7950167174360313,1.9071945882219095,-0.4755842717161029,-0.50148487551044,2023-06-16,1.9297419532861215,-1.248291358895309,-0.4758622914626448,-0.20498001542269692,0.0,-0.23879059867206162,-0.14344382763731175,0.0,-0.21827622634798557,1.8732567653930703,-1.6779107888635245,-0.1574591643244434,-0.1704278238830942,0.23520023158188028,0.0,1.7320508075688774,-1.0,-0.5773502691896258,1,-0.5462868471524165,-0.6396021490668313,2022,-0.551177112049985,0.4835605916233708,0.0,0.0,1.906672627151385,-0.21827622634798557
-0.573776901801259,경상남도,산청군,생비량면,"경상남도 산청군 생비량면 화현리 1662-4, 1662-7, 1662-6",-0.6900607222179584,2024-11-20,공업나지,0.7985852709824315,-0.2298111695824004,-0.4693680321707392,-0.5005208826460911,1979-12-31,-0.19241647820606667,1.449540946168191,-0.46964567269990576,-0.20498001542269692,0.0,-0.23879059867206162,-0.14344382763731175,0.0,-0.21827622634798557,-0.5338296481690097,0.5959792419460607,-0.1574591643244434,-0.1704278238830942,0.23520023158188028,0.0,-0.5773502691896258,1.0,-0.5773502691896258,11,-0.5462868471524165,1.5634719199411433,2024,-0.551177112049985,0.4835605916233708,0.0,0.0,-0.2339138166512038,-0.21827622634798557
-0.5641531582839647,경상남도,산청군,생비량면,경상남도 산청군 생비량면 화현리 1662-5,-1.101105050243732,2023-07-17,공업나지,-0.5383887348522294,-0.2298111695824004,-0.4667968049967072,-0.5005208826460911,1979-12-31,0.8010201995238635,1.449540946168191,-0.467074288669946,-0.20498001542269692,0.0,-0.23879059867206162,-0.14344382763731175,0.0,-0.21827622634798557,-0.5338296481690097,0.5959792419460607,-0.1574591643244434,-0.1704278238830942,0.23520023158188028,0.0,1.7320508075688774,-1.0,-0.5773502691896258,7,-0.5462868471524165,-0.6396021490668313,2023,-0.551177112049985,0.4835605916233708,0.0,0.0,-0.2339138166512038,-0.21827622634798557
-0.5545294147666705,경상남도,산청군,생비량면,경상남도 산청군 생비량면 화현리 1671,-0.7091696838796895,2022-05-25,공업나지,1.0319069942137349,-0.2298111695824004,-0.47667719074560744,-0.5229893317151441,1979-12-31,1.6450375395464465,1.449540946168191,-0.47695527716491554,-0.20498001542269692,0.0,-0.23879059867206162,-0.14344382763731175,0.0,-0.21827622634798557,-0.5338296481690097,0.5959792419460607,-0.1574591643244434,-0.1704278238830942,0.23520023158188028,0.0,-0.5773502691896258,1.0,-0.5773502691896258,5,1.8305401369493255,-0.6396021490668313,2022,-0.551177112049985,0.4835605916233708,0.0,0.0,-0.2339138166512038,-0.21827622634798557
-0.5449056712493764,경상남도,산청군,생비량면,경상남도 산청군 생비량면 화현리 1671-2,-0.6971456658859467,2022-05-09,공업나지,0.735628937429272,-0.2298111695824004,-0.46818688737523345,-0.5229893317151441,1979-12-31,1.677344423375062,1.449540946168191,-0.4684644558494821,-0.20498001542269692,0.0,-0.23879059867206162,-0.14344382763731175,0.0,-0.21827622634798557,-0.5338296481690097,0.5959792419460607,-0.1574591643244434,-0.1704278238830942,0.23520023158188028,0.0,-0.5773502691896258,1.0,-0.5773502691896258,5,1.8305401369493255,-0.6396021490668313,2022,-0.551177112049985,0.4835605916233708,0.0,0.0,-0.2339138166512038,-0.21827622634798557
-0.5352819277320822,경기도,화성시,만세구,"경기도 화성시 만세구 송산면 사강리 239-9(토지, 건물), 239-11, 244-12, 244-13(토지 3필지)",0.8398094987461242,2022-10-04,공장,0.40440124435385627,0.27066208264970815,-0.27357724645294457,-0.28414156124841267,2010-12-15,1.3785057479603675,-0.451204541490184,-0.27384294290123257,-0.20498001542269692,0.0,-0.23879059867206162,-0.14344382763731175,0.0,-0.21827622634798557,-0.5338296481690097,0.5959792419460607,-0.1574591643244434,-0.1704278238830942,0.23520023158188028,0.0,-0.5773502691896258,-1.0,1.7320508075688774,10,-0.5462868471524165,1.5634719199411433,2022,-0.551177112049985,0.4835605916233708,0.0,0.0,0.2673980096279031,-0.21827622634798557
-0.5256581842147879,경기도,화성만세구,송산면,경기도 화성만세구 송산면 사강리 116-7외 15필지,-0.689963782900532,2025-08-14,공장,-0.47789954942991447,-0.560141050153518,-0.3186890645020293,-0.28354833487035186,2018-02-07,-0.7315376020960898,-0.941719506047184,-0.3189575129654409,-0.20498001542269692,0.0,-0.23879059867206162,-0.14344382763731175,0.0,-0.21827622634798557,1.8732567653930703,-1.6779107888635245,-0.1574591643244434,-0.1704278238830942,0.23520023158188028,0.0,-0.5773502691896258,1.0,-0.5773502691896258,8,-0.5462868471524165,-0.6396021490668313,2025,2.1401664651308745,0.4835605916233708,0.0,0.0,-0.5647971854728115,-0.21827622634798557
-0.5160344406974937,경기도,화성만세구,송산면,"경기도 화성만세구 송산면 사강리 81-6, 81-7, 80-4, 81-4",-0.5997876736666238,2025-06-10,공업용,-0.27929412489692435,-0.2298111695824004,-0.3613656216449085,-0.2976374613492959,2023-05-03,-0.6002908865423388,-1.248291358895309,-0.3616366735620437,-0.20498001542269692,0.0,-0.23879059867206162,-0.14344382763731175,0.0,-0.21827622634798557,1.8732567653930703,-1.6779107888635245,-0.1574591643244434,-0.1704278238830942,0.23520023158188028,0.0,-0.5773502691896258,1.0,-0.5773502691896258,6,-0.5462868471524165,-0.6396021490668313,2025,2.1401664651308745,0.4835605916233708,0.0,0.0,-0.2339138166512038,-0.21827622634798557
-0.5064106971801995,경기도,화성만세구,송산면,경기도 화성만세구 송산면 사강리 181외 10필지,1.5241817563248914,2024-07-05,공장,0.492570790324457,0.5812410543426967,-0.21333928320814707,-0.26871767541883174,2015-04-24,0.08623039481574302,-0.757776394338309,-0.2136013048813311,-0.20498001542269692,0.0,-0.23879059867206162,-0.14344382763731175,0.0,-0.21827622634798557,-0.5338296481690097,0.5959792419460607,-0.1574591643244434,-0.1704278238830942,0.23520023158188028,0.0,-0.5773502691896258,-1.0,1.7320508075688774,7,-0.5462868471524165,-0.6396021490668313,2024,2.1401664651308745,0.4835605916233708,0.0,0.0,0.5784973756957033,-0.21827622634798557
-0.49678695366290526,경기도,화성만세구,송산면,경기도 화성만세구 송산면 사강리 227-26외 3필지,0.4332923777443365,2024-09-06,공장,0.4463117628711208,-0.4364630379965593,-0.32789923736531135,-0.2912602777851423,2022-11-22,-0.040977960259430964,-1.186976988325684,-0.3281682476889208,-0.20498001542269692,0.0,-0.23879059867206162,-0.14344382763731175,0.0,-0.21827622634798557,1.8732567653930703,-1.6779107888635245,-0.1574591643244434,-0.1704278238830942,0.23520023158188028,0.0,-0.5773502691896258,1.0,-0.5773502691896258,9,-0.5462868471524165,1.5634719199411433,2024,2.1401664651308745,0.4835605916233708,0.0,0.0,-0.44091194311780196,-0.21827622634798557
-0.4871632101456111,경기도,화성만세구,송산면,경기도 화성만세구 송산면 사강리 227-28외 5필지,-0.6722506185867285,2024-10-28,제조업소,-0.4916450890160487,-0.714503733681064,-0.30473067589907604,-0.2912602777851423,2024-12-12,-0.1459753327024317,-1.309605729464934,-0.3049982728406869,4.878524367060187,0.0,-0.23879059867206162,-0.14344382763731175,0.0,-0.21827622634798557,-0.5338296481690097,-1.6779107888635245,-0.1574591643244434,-0.1704278238830942,0.23520023158188028,0.0,-0.5773502691896258,1.0,-0.5773502691896258,10,-0.5462868471524165,1.5634719199411433,2024,2.1401664651308745,0.4835605916233708,0.0,0.0,-0.7194185132728613,-0.21827622634798557
-0.46791572311102264,부산광역시,사하구,장림동,부산광역시 사하구  장림동 979-10,-0.9637126859320388,2025-08-01,공장,-0.7022338044702839,-0.21367979949043453,-0.30293434060604096,-0.06368380850156614,2000-07-03,-0.7052882589853395,0.161939164206066,-0.3032018279634652,-0.20498001542269692,0.0,-0.23879059867206162,-0.14344382763731175,0.0,-0.21827622634798557,-0.5338296481690097,0.5959792419460607,-0.1574591643244434,-0.1704278238830942,0.23520023158188028,0.0,1.7320508075688774,-1.0,-0.5773502691896258,8,-0.5462868471524165,-0.6396021490668313,2025,-0.6220019430284287,-2.0679931684318618,0.0,0.0,-0.21775541744581117,-0.21827622634798557
-0.4582919795937284,부산광역시,사하구,장림동,부산광역시 사하구  장림동 1081,2.142532219643119,2025-09-01,공해공장,-0.006057469405885125,2.628572425610923,0.06750500188415585,0.02856289328688896,1995-09-29,-0.7678828464032823,0.468511017054191,0.06726011292149797,-0.20498001542269692,0.0,-0.23879059867206162,-0.14344382763731175,0.0,-0.21827622634798557,-0.5338296481690097,0.5959792419460607,-0.1574591643244434,-0.1704278238830942,0.23520023158188028,0.0,-0.5773502691896258,-1.0,1.7320508075688774,9,-0.5462868471524165,1.5634719199411433,2025,-0.6220019430284287,-2.0679931684318618,0.0,0.0,2.629259177952787,-0.21827622634798557
-0.43904449255914,부산광역시,사하구,장림동,부산광역시 사하구  장림동 1088-9,0.47460236739048445,2025-11-13,공장,-0.18259072941114057,0.2858416017114027,-0.1484909048204236,0.025374301504812135,1993-12-31,-0.915283003871341,0.591139758193441,-0.14874897046333035,-0.20498001542269692,0.0,-0.23879059867206162,-0.14344382763731175,0.0,-0.21827622634798557,-0.5338296481690097,0.5959792419460607,-0.1574591643244434,-0.1704278238830942,0.23520023158188028,0.0,-0.5773502691896258,1.0,-0.5773502691896258,11,-0.5462868471524165,1.5634719199411433,2025,-0.6220019430284287,-2.0679931684318618,0.0,0.0,0.2826029629174496,-0.21827622634798557
-0.4294207490418458,부산광역시,사하구,장림동,부산광역시 사하구  장림동 1087-14,-0.20688569509511395,2025-02-25,공장,-0.5906394077661882,0.22790393242146947,0.012720564599330686,0.025374301504812135,1991-10-16,-0.3882769614170488,0.713768499332691,0.012472333550131661,-0.20498001542269692,0.0,-0.23879059867206162,-0.14344382763731175,0.0,-0.21827622634798557,-0.5338296481690097,0.5959792419460607,-0.1574591643244434,-0.1704278238830942,0.23520023158188028,0.0,-0.5773502691896258,1.0,-0.5773502691896258,2,-0.5462868471524165,-0.6396021490668313,2025,-0.6220019430284287,-2.0679931684318618,0.0,0.0,0.22456821546081432,-0.21827622634798557
-0.4101732620072574,충청남도,아산시,인주면,충청남도 아산시 인주면 해암리 13,-0.9846464255756247,2024-06-17,공장,0.4549027251124546,0.13652623351542678,-0.49073246433682555,-0.4378613464634186,2012-11-26,0.12257563912293558,-0.573833282629434,-0.4910114081883357,-0.20498001542269692,0.0,-0.23879059867206162,-0.14344382763731175,0.0,-0.21827622634798557,-0.5338296481690097,0.5959792419460607,-0.1574591643244434,-0.1704278238830942,0.23520023158188028,0.0,1.7320508075688774,-1.0,-0.5773502691896258,6,-0.5462868471524165,-0.6396021490668313,2024,0.08624636675600796,0.4835605916233708,0.0,0.0,0.13303740753958396,-0.21827622634798557
-0.4005495184899632,충청남도,아산시,인주면,충청남도 아산시 인주면 해암리 11-15,-0.6819123445760759,2022-07-19,공장,-0.3409728281680393,-0.2753998241901299,-0.3667603951136555,-0.4301494035486282,2014-01-16,1.5339826263855803,-0.696462023768684,-0.3670317761351988,-0.20498001542269692,0.0,-0.23879059867206162,-0.14344382763731175,0.0,-0.21827622634798557,-0.5338296481690097,0.5959792419460607,-0.1574591643244434,-0.1704278238830942,0.23520023158188028,0.0,-0.5773502691896258,1.0,-0.5773502691896258,7,-0.5462868471524165,-0.6396021490668313,2022,0.08624636675600796,0.4835605916233708,0.0,0.0,-0.27957885788383513,-0.21827622634798557
-0.39092577497266895,충청남도,아산시,인주면,충청남도 아산시 인주면 해암리 33-1,-0.14955124256303953,2022-11-25,공장,0.32824110232355785,1.6076996712893166,-0.3828350561033499,-0.436674893707297,2016-09-23,1.2735083755173668,-0.819090764907934,-0.3831074177484208,-0.20498001542269692,0.0,-0.23879059867206162,-0.14344382763731175,0.0,-0.21827622634798557,1.8732567653930703,-1.6779107888635245,-0.1574591643244434,-0.1704278238830942,0.23520023158188028,0.0,-0.5773502691896258,1.0,-0.5773502691896258,11,-0.5462868471524165,1.5634719199411433,2022,0.08624636675600796,0.4835605916233708,0.0,0.0,1.6066758878667933,-0.21827622634798557
-0.3716782879380805,경상북도,성주군,용암면,"경상북도 성주군 용암면 용정리 92-6, 92-4",-0.6082416839073027,2023-11-24,공장,0.6071169535422418,-0.2298111695824004,-0.45488970914964943,-0.4368232003018122,1979-12-31,0.5385267684163616,1.449540946168191,-0.4551664664387773,-0.20498001542269692,0.0,-0.23879059867206162,-0.14344382763731175,0.0,-0.21827622634798557,-0.5338296481690097,0.5959792419460607,-0.1574591643244434,-0.1704278238830942,0.23520023158188028,0.0,-0.5773502691896258,1.0,-0.5773502691896258,11,-0.5462868471524165,1.5634719199411433,2023,-0.551177112049985,0.4835605916233708,0.0,0.0,-0.2339138166512038,-0.21827622634798557
-0.36205454442078633,경상북도,성주군,용암면,"경상북도 성주군 용암면 상언리 244-2, 244-1",-1.0212804699518998,2025-09-02,창고시설,-0.5533237922871637,-0.7971644810467275,-0.4273113953319356,-0.49473692545999826,2015-10-15,-0.7699020266425708,-0.757776394338309,-0.427586470225186,-0.20498001542269692,0.0,-0.23879059867206162,-0.14344382763731175,0.0,-0.21827622634798557,-0.5338296481690097,0.5959792419460607,-0.1574591643244434,-0.1704278238830942,0.23520023158188028,0.0,1.7320508075688774,-1.0,-0.5773502691896258,9,-0.5462868471524165,1.5634719199411433,2025,-0.551177112049985,0.4835605916233708,0.0,0.0,-0.8022177638595007,-0.21827622634798557
-0.3524308009034921,경상북도,성주군,용암면,경상북도 성주군 용암면 상언리 702-6,-0.7543752894961806,2023-12-29,공장,2.3275122126401264,0.9296310557776458,-0.49502734513341246,-0.45543567791346995,2001-08-14,0.467855460041265,0.100624793636441,-0.4953065509911422,-0.20498001542269692,0.0,-0.23879059867206162,-0.14344382763731175,0.0,-0.21827622634798557,-0.5338296481690097,0.5959792419460607,-0.1574591643244434,-0.1704278238830942,0.23520023158188028,0.0,1.7320508075688774,-1.0,-0.5773502691896258,12,-0.5462868471524165,-0.6396021490668313,2023,-0.551177112049985,0.4835605916233708,0.0,0.0,0.9274711262363916,-0.21827622634798557
-0.3428070573861979,경상북도,성주군,용암면,"경상북도 성주군 용암면 덕평리 1104-98, 1104-102",-0.2873918666777277,2025-03-19,자원순환관련시설,0.27845757754044365,-0.07162855757810789,-0.39518172476443175,-0.40367667642766475,2012-01-13,-0.4326989266813953,-0.573833282629434,-0.3954548396094478,-0.20498001542269692,0.0,-0.23879059867206162,-0.14344382763731175,0.0,-0.21827622634798557,-0.5338296481690097,0.5959792419460607,-0.1574591643244434,-0.1704278238830942,0.23520023158188028,0.0,-0.5773502691896258,1.0,-0.5773502691896258,3,1.8305401369493255,-0.6396021490668313,2025,-0.551177112049985,0.4835605916233708,0.0,0.0,-0.0754661598467715,-0.21827622634798557
-0.33318331386890365,경상북도,성주군,용암면,"경상북도 성주군 용암면 용정리 62-7, 62-10",-0.5691922080336906,2024-12-30,자원순환관련시설,0.9879829462413766,-0.27583817663828125,-0.4643326815765088,-0.43341214862796257,2004-07-06,-0.2731836877776057,-0.083318318072434,-0.46461001492761,-0.20498001542269692,0.0,-0.23879059867206162,-0.14344382763731175,0.0,-0.21827622634798557,-0.5338296481690097,0.5959792419460607,-0.1574591643244434,-0.1704278238830942,0.23520023158188028,0.0,-0.5773502691896258,1.0,-0.5773502691896258,12,-0.5462868471524165,-0.6396021490668313,2024,-0.551177112049985,0.4835605916233708,0.0,0.0,-0.2800179448187643,-0.21827622634798557
-0.31393582683431526,경상남도,진주시,상대동,경상남도 진주시  상대동 33-158,-0.1640035743554382,2026-03-27,공장,-0.29515436288092534,0.25494401629457053,-0.24375189494985627,-0.15830341580226448,1980-07-23,-1.1858531559359968,1.388226575598566,-0.2440157719232937,-0.20498001542269692,0.0,-0.23879059867206162,-0.14344382763731175,0.0,-0.21827622634798557,-0.5338296481690097,0.5959792419460607,-0.1574591643244434,-0.1704278238830942,0.23520023158188028,0.0,-0.5773502691896258,1.0,-0.5773502691896258,3,1.8305401369493255,-0.6396021490668313,2026,-0.551177112049985,0.4835605916233708,0.0,0.0,0.2516536066754436,-0.21827622634798557
-0.30431208331702103,경상남도,진주시,상대동,경상남도 진주시  상대동 33-142,-0.3276490583000081,2024-11-05,공장,-0.5004563323404937,-0.19153673868096593,-0.16160227501445312,-0.15830341580226448,2000-04-25,-0.16212877461673952,0.161939164206066,-0.16186114050739087,-0.20498001542269692,0.0,-0.23879059867206162,-0.14344382763731175,0.0,-0.21827622634798557,-0.5338296481690097,0.5959792419460607,-0.1574591643244434,-0.1704278238830942,0.23520023158188028,0.0,-0.5773502691896258,1.0,-0.5773502691896258,11,-0.5462868471524165,1.5634719199411433,2024,-0.551177112049985,0.4835605916233708,0.0,0.0,-0.19557525456139024,-0.21827622634798557
-0.2946883397997268,경상남도,진주시,상대동,경상남도 진주시  상대동 33-26,0.525803404092337,2023-12-22,공장,-0.2903081790524806,-0.3394368546871963,-0.06797494700214539,-0.09208452135122716,1981-04-02,0.4819897217162843,1.326912205028941,-0.06822810082497519,-0.20498001542269692,0.0,-0.23879059867206162,-0.14344382763731175,0.0,-0.21827622634798557,-0.5338296481690097,0.5959792419460607,-0.1574591643244434,-0.1704278238830942,0.23520023158188028,0.0,-0.5773502691896258,1.0,-0.5773502691896258,12,-0.5462868471524165,-0.6396021490668313,2023,-0.551177112049985,0.4835605916233708,0.0,0.0,-0.34372318640648464,-0.21827622634798557
-0.28506459628243264,경상남도,진주시,상대동,경상남도 진주시  상대동 33-33,-0.057925874430729274,2022-09-21,공장,-0.15064997236002747,-0.5024789166881369,-0.27573328906190814,-0.17387560822636058,1980-07-09,1.4047550910711177,1.388226575598566,-0.27599911703807783,-0.20498001542269692,0.0,-0.23879059867206162,-0.14344382763731175,0.0,-0.21827622634798557,-0.5338296481690097,0.5959792419460607,-0.1574591643244434,-0.1704278238830942,0.23520023158188028,0.0,-0.5773502691896258,1.0,-0.5773502691896258,9,-0.5462868471524165,1.5634719199411433,2022,-0.551177112049985,0.4835605916233708,0.0,0.0,-0.5070384355181317,-0.21827622634798557
-0.2754408527651384,경상남도,진주시,상대동,경상남도 진주시  상대동 33-46,-0.6094493996559711,2023-02-08,공장,-0.5207221919867171,-0.44588135345398033,-0.26094935919230866,-0.15830341580226448,1985-11-12,1.122069857570731,1.081654722750441,-0.2612142852851062,-0.20498001542269692,0.0,-0.23879059867206162,-0.14344382763731175,0.0,-0.21827622634798557,-0.5338296481690097,0.5959792419460607,-0.1574591643244434,-0.1704278238830942,0.23520023158188028,0.0,-0.5773502691896258,1.0,-0.5773502691896258,2,-0.5462868471524165,-0.6396021490668313,2023,-0.551177112049985,0.4835605916233708,0.0,0.0,-0.4503460395482797,-0.21827622634798557
-0.2658171092478442,경기도,광주시,초월읍,"경기도 광주시 초월읍 용수리 369(토지, 건물), 369-4, 369-5, 369-2(토지 3필지)",0.08297429624725222,2022-05-31,공장,-0.10042588541069102,-0.21853924948708262,-0.2637647737882408,-0.21777436020286015,1990-12-27,1.6329224581107156,0.775082869902316,-0.2640298716334501,-0.20498001542269692,0.0,-0.23879059867206162,-0.14344382763731175,0.0,-0.21827622634798557,-0.5338296481690097,0.5959792419460607,-0.1574591643244434,-0.1704278238830942,0.23520023158188028,0.0,-0.5773502691896258,1.0,-0.5773502691896258,5,1.8305401369493255,-0.6396021490668313,2022,-0.19705295715776672,0.4835605916233708,0.0,0.0,-0.22262300975302576,-0.21827622634798557
-0.25619336573054996,경기도,광주시,초월읍,"경기도 광주시 초월읍 용수리 47-2, 48-1, 27-3",0.6143692256613539,2025-09-03,공장,-0.005705019672907345,-0.714503733681064,-0.19869866212484927,-0.2613764989903293,2015-08-13,-0.7719212068818593,-0.757776394338309,-0.1989597906571141,-0.20498001542269692,0.0,-0.23879059867206162,-0.14344382763731175,0.0,-0.21827622634798557,-0.5338296481690097,0.5959792419460607,-0.1574591643244434,-0.1704278238830942,0.23520023158188028,0.0,-0.5773502691896258,-1.0,1.7320508075688774,9,-0.5462868471524165,1.5634719199411433,2025,-0.19705295715776672,0.4835605916233708,0.0,0.0,-0.7194185132728613,-0.21827622634798557
-0.24656962221325576,경기도,광주시,초월읍,"경기도 광주시 초월읍 용수리 65-5, 65-4",0.2762088160341983,2026-04-17,창고시설,-0.25462264358847836,0.014313570970859299,-0.15433184230503175,-0.2613764989903293,2005-03-17,-1.2282559409610547,-0.144632688642059,-0.15459026427027248,-0.20498001542269692,0.0,-0.23879059867206162,-0.14344382763731175,0.0,-0.21827622634798557,-0.5338296481690097,0.5959792419460607,-0.1574591643244434,-0.1704278238830942,0.23520023158188028,0.0,-0.5773502691896258,1.0,-0.5773502691896258,4,1.8305401369493255,-0.6396021490668313,2026,-0.19705295715776672,0.4835605916233708,0.0,0.0,0.010619970081337552,-0.21827622634798557
-0.23694587869596156,경기도,광주시,초월읍,경기도 광주시 초월읍 용수리 106외 2필지,-0.2632375517043594,2026-01-08,2종근생(제조업소),-0.4541973048871575,-0.3643728468091715,-0.1771858442548185,-0.17832480606181664,2008-04-23,-1.0283570972714957,-0.328575800350934,-0.1774456604125728,-0.20498001542269692,0.0,-0.23879059867206162,-0.14344382763731175,0.0,-0.21827622634798557,-0.5338296481690097,0.5959792419460607,-0.1574591643244434,-0.1704278238830942,0.23520023158188028,0.0,-0.5773502691896258,1.0,-0.5773502691896258,1,-0.5462868471524165,-0.6396021490668313,2026,-0.19705295715776672,0.4835605916233708,0.0,0.0,-0.3687009603334541,-0.21827622634798557
-0.22732213517866734,경기도,광주시,초월읍,경기도 광주시 초월읍 용수리 116외 3필지,-0.5329607355736383,2025-12-26,2종근생(제조업소),-0.7670537159865636,-0.4866857041990307,0.4013517955239368,-0.2365351444090331,2025-09-25,-1.0021077541607455,-1.370920100034559,0.4011272726530214,4.878524367060187,0.0,-0.23879059867206162,-0.14344382763731175,0.0,-0.21827622634798557,-0.5338296481690097,-1.6779107888635245,-0.1574591643244434,-0.1704278238830942,0.23520023158188028,0.0,-0.5773502691896258,1.0,-0.5773502691896258,12,-0.5462868471524165,-0.6396021490668313,2025,-0.19705295715776672,0.4835605916233708,0.0,0.0,-0.4912187605196844,-0.21827622634798557
-0.21769839166137314,경기도,광주시,초월읍,"경기도 광주시 초월읍 용수리 9-8, 23-1",-0.0700030319174134,2024-10-12,공장,-0.3264342766827051,-0.49327351527696084,-0.20247415791897305,-0.2613764989903293,2001-01-31,-0.1136684488738161,0.100624793636441,-0.20273551677273616,-0.20498001542269692,0.0,-0.23879059867206162,-0.14344382763731175,0.0,-0.21827622634798557,-0.5338296481690097,0.5959792419460607,-0.1574591643244434,-0.1704278238830942,0.23520023158188028,0.0,-0.5773502691896258,1.0,-0.5773502691896258,10,-0.5462868471524165,1.5634719199411433,2024,-0.19705295715776672,0.4835605916233708,0.0,0.0,-0.4978176098846195,-0.21827622634798557
-0.20807464814407892,경기도,용인시,처인구,"경기도 용인시 처인구 백암면 백봉리 1370-9(토지, 건물)",0.24400306273637393,2024-02-28,공장,-0.002180522343129348,-0.03067391456511997,-0.26417740252044475,-0.38558327189681024,2015-06-23,0.34468546544466794,-0.757776394338309,-0.26444252553778314,-0.20498001542269692,0.0,-0.23879059867206162,-0.14344382763731175,0.0,-0.21827622634798557,-0.5338296481690097,0.5959792419460607,-0.1574591643244434,-0.1704278238830942,0.23520023158188028,0.0,-0.5773502691896258,1.0,-0.5773502691896258,2,-0.5462868471524165,-0.6396021490668313,2024,-0.8344764359637596,-2.0679931684318618,0.0,0.0,-0.034442894783391076,-0.21827622634798557
-0.19845090462678472,경기도,용인처인구,백암면,경기도 용인처인구 백암면 백봉리 1370-10,-0.005591525321764717,2023-09-07,공장,-0.12245399372180349,0.15719142035684266,-0.27419560251028646,-0.379131935035399,2015-08-04,0.6960228270808627,-0.757776394338309,-0.2744613366809563,-0.20498001542269692,0.0,-0.23879059867206162,-0.14344382763731175,0.0,-0.21827622634798557,-0.5338296481690097,0.5959792419460607,-0.1574591643244434,-0.1704278238830942,0.23520023158188028,0.0,-0.5773502691896258,1.0,-0.5773502691896258,9,-0.5462868471524165,1.5634719199411433,2023,-0.8344764359637596,-2.0679931684318618,0.0,0.0,0.1537372201862436,-0.21827622634798557
-0.15995593055760787,경기도,화성시,만세구,"경기도 화성시 만세구 장안면 수촌리 70-21(토지, 1동, 2동 건물 2개동), 70-6, 70-14, 70-15, 70-16, 70-22, 70-24, 70-30, 291-1(토지 8필지)",0.39698039090103954,2021-11-26,공장,0.2768230919037591,0.2774252347068988,-0.3049945109745096,-0.3292267659810338,2018-03-28,2.008489982618372,-0.941719506047184,-0.30526212401119607,-0.20498001542269692,0.0,-0.23879059867206162,-0.14344382763731175,0.0,-0.21827622634798557,1.8732567653930703,-1.6779107888635245,-0.1574591643244434,-0.1704278238830942,0.23520023158188028,0.0,-0.5773502691896258,1.0,-0.5773502691896258,11,-0.5462868471524165,1.5634719199411433,2021,-0.551177112049985,0.4835605916233708,0.0,0.0,0.27417249376680997,-0.21827622634798557
-0.15033218704031365,경기도,화성만세구,장안면,경기도 화성만세구 장안면 수촌리 25-7외 3필지,0.49359765079451257,2025-12-18,공장,0.2088487552773282,-0.2298111695824004,-0.2782680578311657,-0.33797685505743064,2023-01-09,-0.9859543122464377,-1.248291358895309,-0.2785340404391435,-0.20498001542269692,0.0,-0.23879059867206162,-0.14344382763731175,0.0,-0.21827622634798557,1.8732567653930703,-1.6779107888635245,-0.1574591643244434,-0.1704278238830942,0.23520023158188028,0.0,-0.5773502691896258,1.0,-0.5773502691896258,12,-0.5462868471524165,-0.6396021490668313,2025,2.1401664651308745,0.4835605916233708,0.0,0.0,-0.2339138166512038,-0.21827622634798557
-0.14070844352301945,경기도,화성만세구,장안면,"경기도 화성만세구 장안면 수촌리 129-33, 129-35",0.07492285792279614,2025-11-14,공장,0.2533455340657754,0.33740437396965084,-0.3438439873966669,-0.3198092972293185,2007-03-08,-0.9173021841106295,-0.267261429781309,-0.344113970418676,-0.20498001542269692,0.0,-0.23879059867206162,-0.14344382763731175,0.0,-0.21827622634798557,-0.5338296481690097,0.5959792419460607,-0.1574591643244434,-0.1704278238830942,0.23520023158188028,0.0,-0.5773502691896258,1.0,-0.5773502691896258,11,-0.5462868471524165,1.5634719199411433,2025,2.1401664651308745,0.4835605916233708,0.0,0.0,0.33425213180611535,-0.21827622634798557
-0.13108470000572522,경기도,화성만세구,장안면,경기도 화성만세구 장안면 수촌리 185,-0.40816344154456896,2025-11-21,공장,-0.43393144524093397,0.24501220225502948,-0.24207271241044287,-0.32522248792912334,2015-07-30,-0.9314364457856489,-0.757776394338309,-0.24233648694651602,-0.20498001542269692,0.0,-0.23879059867206162,-0.14344382763731175,0.0,-0.21827622634798557,-0.5338296481690097,0.5959792419460607,-0.1574591643244434,-0.1704278238830942,0.23520023158188028,0.0,-0.5773502691896258,1.0,-0.5773502691896258,11,-0.5462868471524165,1.5634719199411433,2025,2.1401664651308745,0.4835605916233708,0.0,0.0,0.2417051512640491,-0.21827622634798557
-0.12146095648843101,경기도,화성만세구,장안면,경기도 화성만세구 장안면 수촌리 265-41외 14필지,-0.6094493996559711,2026-03-04,공장,-0.5461250064910921,-0.6318429863154005,-0.2414705527974933,-0.33582640943696024,2016-11-03,-1.139412010432362,-0.819090764907934,-0.2417342905992375,-0.20498001542269692,0.0,-0.23879059867206162,-0.14344382763731175,0.0,-0.21827622634798557,1.8732567653930703,-1.6779107888635245,-0.1574591643244434,-0.1704278238830942,0.23520023158188028,0.0,-0.5773502691896258,1.0,-0.5773502691896258,3,1.8305401369493255,-0.6396021490668313,2026,2.1401664651308745,0.4835605916233708,0.0,0.0,-0.636619262686222,-0.21827622634798557
-0.1118372129711368,경기도,화성만세구,장안면,경기도 화성만세구 장안면 수촌리 366-1,-0.4484206331668494,2025-07-24,공장,-0.4436238128978235,0.2774252347068988,-0.2500091438649615,-0.36889878001385007,1992-10-26,-0.6891348170710317,0.652454128763066,-0.25027340255752245,-0.20498001542269692,0.0,-0.23879059867206162,-0.14344382763731175,0.0,-0.21827622634798557,-0.5338296481690097,0.5959792419460607,-0.1574591643244434,-0.1704278238830942,0.23520023158188028,0.0,-0.5773502691896258,1.0,-0.5773502691896258,7,-0.5462868471524165,-0.6396021490668313,2025,2.1401664651308745,0.4835605916233708,0.0,0.0,0.27417249376680997,-0.21827622634798557
-0.04447100835007732,전라남도,광양시,옥곡면,"전라남도 광양시 옥곡면 신금리 1591-9(토지, 제1동호 건물)",-0.16662029181088642,2022-11-21,공장,-0.1528527831911387,0.3435413082437681,-0.29774983153752704,-0.3886977103816294,2014-08-29,1.2815850964745208,-0.696462023768684,-0.2980170026175769,-0.20498001542269692,0.0,-0.23879059867206162,-0.14344382763731175,0.0,-0.21827622634798557,-0.5338296481690097,0.5959792419460607,-0.1574591643244434,-0.1704278238830942,0.23520023158188028,0.0,-0.5773502691896258,1.0,-0.5773502691896258,11,-0.5462868471524165,1.5634719199411433,2022,-0.4803522810715414,0.4835605916233708,0.0,0.0,0.3403993488951234,-0.21827622634798557
-0.03484726483278311,전라남도,광양시,옥곡면,전라남도 광양시 옥곡면 신금리 1591-25,-0.5675819203687995,2026-02-23,공업나지,0.6183072325642871,-0.2298111695824004,-0.4512232076869319,-0.386918031247447,1979-12-31,-1.1212393882787657,1.449540946168191,-0.4514997413036849,-0.20498001542269692,0.0,-0.23879059867206162,-0.14344382763731175,0.0,-0.21827622634798557,-0.5338296481690097,0.5959792419460607,-0.1574591643244434,-0.1704278238830942,0.23520023158188028,0.0,-0.5773502691896258,1.0,-0.5773502691896258,2,-0.5462868471524165,-0.6396021490668313,2026,-0.4803522810715414,0.4835605916233708,0.0,0.0,-0.2339138166512038,-0.21827622634798557
-0.025223521315488898,전라남도,광양시,옥곡면,전라남도 광양시 옥곡면 신금리 1591-27,-0.7785296044695489,2026-03-04,공업나지,0.1060656018976773,-0.2298111695824004,-0.4497039416612845,-0.38847525048985665,1979-12-31,-1.139412010432362,1.449540946168191,-0.449980382596269,-0.20498001542269692,0.0,-0.23879059867206162,-0.14344382763731175,0.0,-0.21827622634798557,-0.5338296481690097,0.5959792419460607,-0.1574591643244434,-0.1704278238830942,0.23520023158188028,0.0,1.7320508075688774,-1.0,-0.5773502691896258,3,1.8305401369493255,-0.6396021490668313,2026,-0.4803522810715414,0.4835605916233708,0.0,0.0,-0.2339138166512038,-0.21827622634798557
-0.015599777798194684,전라남도,광양시,옥곡면,전라남도 광양시 옥곡면 신금리 886-1,-0.8107353577673733,2025-06-18,"공장, 제2종근린생활시설",-0.2264266649502544,-0.5329005765898335,-0.42305990515794495,-0.40211945718525516,2002-11-05,-0.6164443284566467,0.039310423066816,-0.4233347206919906,-0.20498001542269692,0.0,-0.23879059867206162,-0.14344382763731175,0.0,-0.21827622634798557,-0.5338296481690097,0.5959792419460607,-0.1574591643244434,-0.1704278238830942,0.23520023158188028,0.0,1.7320508075688774,-1.0,-0.5773502691896258,6,-0.5462868471524165,-0.6396021490668313,2025,-0.4803522810715414,0.4835605916233708,0.0,0.0,-0.5375110688022144,-0.21827622634798557
-0.005976034280900473,전라남도,광양시,옥곡면,전라남도 광양시 옥곡면 신금리 1507-88,-0.6094493996559711,2025-09-19,공장,-0.15064997236002747,-0.3179951577947696,-0.3908047208911257,-0.37920608833265657,1996-05-10,-0.8042280907104749,0.407196646484566,-0.39107756872006083,-0.20498001542269692,0.0,-0.23879059867206162,-0.14344382763731175,0.0,-0.21827622634798557,-0.5338296481690097,0.5959792419460607,-0.1574591643244434,-0.1704278238830942,0.23520023158188028,0.0,-0.5773502691896258,1.0,-0.5773502691896258,9,-0.5462868471524165,1.5634719199411433,2025,-0.4803522810715414,0.4835605916233708,0.0,0.0,-0.32224556261795023,-0.21827622634798557
0.0036477092363937386,전라남도,광양시,옥곡면,"전라남도 광양시 옥곡면 신금리 1507-64, 1507-146",0.9605810736129655,2024-11-07,공장,1.1124417581991621,1.407785906221025,-0.3507953160737794,-0.38105992076409656,1995-12-30,-0.16616713509531647,0.468511017054191,-0.3510657231567658,-0.20498001542269692,0.0,-0.23879059867206162,-0.14344382763731175,0.0,-0.21827622634798557,-0.5338296481690097,0.5959792419460607,-0.1574591643244434,-0.1704278238830942,0.23520023158188028,0.0,-0.5773502691896258,-1.0,1.7320508075688774,11,-0.5462868471524165,1.5634719199411433,2024,-0.4803522810715414,0.4835605916233708,0.0,0.0,1.4064271548571061,-0.21827622634798557
0.022895196270982163,전북특별자치도,군산시,산북동,"전북특별자치도 군산시  산북동 1094-7, 1094-8, 1094-9, 1094-10",-0.8107353577673733,2023-09-20,주유소,-0.5154354459920502,-0.6546373136192651,-0.3487062835764003,-0.3914413823801607,1995-10-04,0.6697734839701126,0.468511017054191,-0.3489765632194104,-0.20498001542269692,0.0,-0.23879059867206162,-0.14344382763731175,0.0,-0.21827622634798557,-0.5338296481690097,0.5959792419460607,-0.1574591643244434,-0.1704278238830942,0.23520023158188028,0.0,1.7320508075688774,-1.0,-0.5773502691896258,9,-0.5462868471524165,1.5634719199411433,2023,-0.551177112049985,0.4835605916233708,0.0,0.0,-0.6594517833025377,-0.21827622634798557
0.03251893978827637,전북특별자치도,군산시,산북동,"전북특별자치도 군산시  산북동 1991-1, 1992-2",0.344646041792075,2023-06-30,주유소,2.0997415727032234,0.05048391012116798,-0.4372496730880984,-0.386547264761159,2004-02-20,0.8353462635917676,-0.083318318072434,-0.43752535425907974,-0.20498001542269692,0.0,-0.23879059867206162,-0.14344382763731175,0.0,-0.21827622634798557,-0.5338296481690097,0.5959792419460607,-0.1574591643244434,-0.1704278238830942,0.23520023158188028,0.0,-0.5773502691896258,1.0,-0.5773502691896258,6,-0.5462868471524165,-0.6396021490668313,2023,-0.551177112049985,0.4835605916233708,0.0,0.0,0.046850914883491246,-0.21827622634798557
0.04214268330557058,전북특별자치도,군산시,산북동,전북특별자치도 군산시  산북동 2200,-0.8654851383736746,2023-08-08,주유소,-0.46036517521426895,-0.7946596099144347,-0.39063532173980986,-0.3924795285417671,2007-06-15,0.756598234259517,-0.267261429781309,-0.39090815923466754,-0.20498001542269692,0.0,-0.23879059867206162,-0.14344382763731175,0.0,-0.21827622634798557,-0.5338296481690097,0.5959792419460607,-0.1574591643244434,-0.1704278238830942,0.23520023158188028,0.0,1.7320508075688774,-1.0,-0.5773502691896258,8,-0.5462868471524165,-0.6396021490668313,2023,-0.551177112049985,0.4835605916233708,0.0,0.0,-0.7997086956599055,-0.21827622634798557
0.0517664268228648,전북특별자치도,군산시,산북동,전북특별자치도 군산시  산북동 1433,-0.36790624992228854,2023-03-06,주유소,-0.26519613557781235,-0.7179479314879667,-0.30753350187649686,-0.410128013289076,2009-06-12,1.0695711713492309,-0.389890170920559,-0.3078012698025597,-0.20498001542269692,0.0,-0.23879059867206162,-0.14344382763731175,0.0,-0.21827622634798557,-0.5338296481690097,0.5959792419460607,-0.1574591643244434,-0.1704278238830942,0.23520023158188028,0.0,-0.5773502691896258,1.0,-0.5773502691896258,3,1.8305401369493255,-0.6396021490668313,2023,-0.551177112049985,0.4835605916233708,0.0,0.0,-0.7228684820473047,-0.21827622634798557
0.06139017034015901,전북특별자치도,군산시,산북동,"전북특별자치도 군산시  산북동 1220-2, 1220-4",-0.3641671619644111,2022-11-18,주유소,-0.2070419296364754,-0.5878699735879998,-0.3247774055875219,-0.31973514393206093,1999-08-12,1.2876426371923861,0.223253534775691,-0.32504622546595224,-0.20498001542269692,0.0,-0.23879059867206162,-0.14344382763731175,0.0,-0.21827622634798557,-0.5338296481690097,0.5959792419460607,-0.1574591643244434,-0.1704278238830942,0.23520023158188028,0.0,-0.5773502691896258,1.0,-0.5773502691896258,11,-0.5462868471524165,1.5634719199411433,2022,-0.551177112049985,0.4835605916233708,0.0,0.0,-0.5925725704423296,-0.21827622634798557
0.1383801184785127,경상남도,창원의창구,대산면,경상남도 창원의창구 대산면 가술리 503-117,-0.6698351870893917,2025-10-01,공장,-0.5815197709253876,-0.6731733599982322,-0.2395973682060737,-0.2905928981098239,1991-03-18,-0.8284582535819366,0.713768499332691,-0.239860991735493,-0.20498001542269692,0.0,-0.23879059867206162,-0.14344382763731175,0.0,-0.21827622634798557,-0.5338296481690097,0.5959792419460607,-0.1574591643244434,-0.1704278238830942,0.23520023158188028,0.0,-0.5773502691896258,1.0,-0.5773502691896258,10,-0.5462868471524165,1.5634719199411433,2025,-0.6220019430284287,-2.0679931684318618,0.0,0.0,-0.6780188879795417,-0.21827622634798557
0.14800386199580692,경상남도,창원의창구,대산면,경상남도 창원의창구 대산면 가술리 1744-3,-0.5450378930603225,2025-02-13,공장,-0.4436238128978235,-0.4728462911931127,-0.28370845281030194,-0.40397328961669515,2010-08-23,-0.36404679854558714,-0.451204541490184,-0.2839747673057962,-0.20498001542269692,0.0,-0.23879059867206162,-0.14344382763731175,0.0,-0.21827622634798557,-0.5338296481690097,0.5959792419460607,-0.1574591643244434,-0.1704278238830942,0.23520023158188028,0.0,-0.5773502691896258,1.0,-0.5773502691896258,2,-0.5462868471524165,-0.6396021490668313,2025,-0.6220019430284287,-2.0679931684318618,0.0,0.0,-0.4773561587169213,-0.21827622634798557
0.15762760551310112,경상남도,창원의창구,대산면,"경상남도 창원의창구 대산면 가술리 503-48, 503-46, 503-44",0.7642723633067017,2022-06-03,"공장,창고,주택",1.2952750571813956,1.6713734954722,-0.37847936943811566,-0.31239396750355847,1995-11-21,1.6268649173928502,0.468511017054191,-0.3787514653675471,-0.20498001542269692,0.0,-0.23879059867206162,-0.14344382763731175,0.0,-0.21827622634798557,-0.5338296481690097,0.5959792419460607,-0.1574591643244434,-0.1704278238830942,0.23520023158188028,0.0,-0.5773502691896258,-1.0,1.7320508075688774,6,-0.5462868471524165,-0.6396021490668313,2022,-0.6220019430284287,-2.0679931684318618,0.0,0.0,1.6704564015005015,-0.21827622634798557
0.16725134903039535,경상남도,창원의창구,대산면,경상남도 창원의창구 대산면 가술리 1765-10,-1.0280664049394015,2022-07-15,공장,-0.647604095858725,-0.2298111695824004,-0.3954207799044103,-0.38951339665146306,1979-12-31,1.5420593473427342,1.449540946168191,-0.39569390933281906,-0.20498001542269692,0.0,-0.23879059867206162,-0.14344382763731175,0.0,-0.21827622634798557,-0.5338296481690097,0.5959792419460607,-0.1574591643244434,-0.1704278238830942,0.23520023158188028,0.0,1.7320508075688774,-1.0,-0.5773502691896258,7,-0.5462868471524165,-0.6396021490668313,2022,-0.6220019430284287,-2.0679931684318618,0.0,0.0,-0.2339138166512038,-0.21827622634798557
0.17687509254768954,경기도,화성시,만세구,"경기도 화성시 만세구 송산면 지화리 686-5, 686-6(토지 2필지, 에이동, 비동 건물 2개동)",1.669884609963411,2020-12-03,공장,2.1457362628568264,3.08566130983172,-0.37182382523369,-0.27479824579395495,2022-05-12,2.731356508283646,-1.186976988325684,-0.37209551514627054,-0.20498001542269692,0.0,-0.23879059867206162,-0.14344382763731175,0.0,-0.21827622634798557,1.8732567653930703,-1.6779107888635245,-0.1574591643244434,-0.1704278238830942,0.23520023158188028,0.0,-0.5773502691896258,-1.0,1.7320508075688774,12,-0.5462868471524165,-0.6396021490668313,2020,-0.551177112049985,0.4835605916233708,0.0,0.0,3.0871139430149057,-0.21827622634798557
0.18649883606498377,경기도,화성만세구,송산면,경기도 화성만세구 송산면 지화리 684-2,0.7190379238792829,2025-07-17,공장,-0.1004699416273132,0.38988142419118554,-0.13958559514171157,-0.2830292617895486,2021-09-10,-0.6750005553960124,-1.125662617756059,-0.13984311752238743,-0.20498001542269692,0.0,-0.23879059867206162,-0.14344382763731175,0.0,-0.21827622634798557,1.8732567653930703,-1.6779107888635245,-0.1574591643244434,-0.1704278238830942,0.23520023158188028,0.0,-0.5773502691896258,-1.0,1.7320508075688774,7,-0.5462868471524165,-0.6396021490668313,2025,2.1401664651308745,0.4835605916233708,0.0,0.0,0.38681711058763324,-0.21827622634798557
0.19612257958227797,경기도,화성만세구,송산면,경기도 화성만세구 송산면 지화리 683-10,0.6143692256613539,2025-07-15,공장,0.6241226531584206,-0.2298111695824004,-0.33191608954342366,-0.2666413830956189,1979-12-31,-0.6709621949174355,1.449540946168191,-0.3321853449123099,-0.20498001542269692,0.0,-0.23879059867206162,-0.14344382763731175,0.0,-0.21827622634798557,-0.5338296481690097,0.5959792419460607,-0.1574591643244434,-0.1704278238830942,0.23520023158188028,0.0,-0.5773502691896258,-1.0,1.7320508075688774,7,-0.5462868471524165,-0.6396021490668313,2025,2.1401664651308745,0.4835605916233708,0.0,0.0,-0.2339138166512038,-0.21827622634798557
0.2153700666168664,경기도,화성만세구,송산면,경기도 화성만세구 송산면 중송리 574-6,0.4275758565339727,2021-05-27,공장,0.605002255144375,-0.2298111695824004,-0.3486737650123444,-0.2653066237449821,1979-12-31,2.377999966408163,1.449540946168191,-0.34894404267158213,-0.20498001542269692,0.0,-0.23879059867206162,-0.14344382763731175,0.0,-0.21827622634798557,-0.5338296481690097,0.5959792419460607,-0.1574591643244434,-0.1704278238830942,0.23520023158188028,0.0,-0.5773502691896258,1.0,-0.5773502691896258,5,1.8305401369493255,-0.6396021490668313,2021,2.1401664651308745,0.4835605916233708,0.0,0.0,-0.2339138166512038,-0.21827622634798557
0.22499381013416062,경기도,화성만세구,서신면,경기도 화성만세구 서신면 전곡리 1100-4,3.2149838044606693,2025-06-02,공장,0.8118902484023436,2.248971729867605,-0.11856987393016377,-0.28466063432921584,2018-04-24,-0.584137444628031,-0.941719506047184,-0.11882611426136548,-0.20498001542269692,0.0,-0.23879059867206162,-0.14344382763731175,0.0,-0.21827622634798557,1.8732567653930703,-1.6779107888635245,-0.1574591643244434,-0.1704278238830942,0.23520023158188028,0.0,-0.5773502691896258,-1.0,1.7320508075688774,6,-0.5462868471524165,-0.6396021490668313,2025,2.1401664651308745,0.4835605916233708,0.0,0.0,2.2490224376451424,-0.21827622634798557
0.24424129716874904,충청남도,아산시,음봉면,"충청남도 아산시 음봉면 원남리 247-2, 274-1, 259-10외 3필지",-0.4526395868488644,2024-04-11,다가구주택,-0.596952663608153,-0.2726444659446079,-0.10764613842143551,-0.41932302214901845,2017-01-09,0.2578607151552635,-0.880405135477559,-0.10790171235774057,-0.20498001542269692,0.0,-0.23879059867206162,-0.14344382763731175,0.0,-0.21827622634798557,1.8732567653930703,-1.6779107888635245,-0.1574591643244434,-0.1704278238830942,0.23520023158188028,0.0,-0.5773502691896258,1.0,-0.5773502691896258,4,1.8305401369493255,-0.6396021490668313,2024,0.08624636675600796,0.4835605916233708,0.0,0.0,-0.2768188828642806,-0.21827622634798557
0.25386504068604326,충청남도,아산시,배방읍,충청남도 아산시 배방읍 갈매리 46116,-0.24713467505544728,2023-09-08,노유자시설,-0.4559595535520465,0.0341521503386186,-0.1699937195586741,-0.306535857020208,2008-01-24,0.6940036468415742,-0.328575800350934,-0.17025309696585728,-0.20498001542269692,0.0,-0.23879059867206162,-0.14344382763731175,0.0,-0.21827622634798557,-0.5338296481690097,0.5959792419460607,-0.1574591643244434,-0.1704278238830942,0.23520023158188028,0.0,-0.5773502691896258,1.0,-0.5773502691896258,9,-0.5462868471524165,1.5634719199411433,2023,0.08624636675600796,0.4835605916233708,0.0,0.0,0.030491790222130798,-0.21827622634798557
0.26348878420333743,경기도,평택시,비전동,경기도 평택시  비전동 885,0.03466566630051571,2026-01-27,노유자시설,-0.4129166299121326,2.7569094980739464,-0.110142595378625,-0.42896295079250657,1998-02-07,-1.0667215218179766,0.284567905345316,-0.11039832160955258,-0.20498001542269692,0.0,-0.23879059867206162,-0.14344382763731175,0.0,-0.21827622634798557,-0.5338296481690097,0.5959792419460607,-0.1574591643244434,-0.1704278238830942,0.23520023158188028,0.0,-0.5773502691896258,1.0,-0.5773502691896258,1,-0.5462868471524165,-0.6396021490668313,2026,-0.4803522810715414,0.4835605916233708,0.0,0.0,2.757811287159042,-0.21827622634798557
0.27311252772063166,충청남도,천안서북구,쌍용동,충청남도 천안서북구  쌍용동 479-7외,1.6449533311917328,2024-04-16,노유자시설,-0.6357089173707243,0.7634453805056776,1.2647362681456622,-0.06316473542076294,2021-08-04,0.24776481395882108,-1.125662617756059,1.2645644154447568,-0.20498001542269692,0.0,-0.23879059867206162,-0.14344382763731175,0.0,-0.21827622634798557,1.8732567653930703,-1.6779107888635245,-0.1574591643244434,-0.1704278238830942,0.23520023158188028,0.0,-0.5773502691896258,-1.0,1.7320508075688774,4,1.8305401369493255,-0.6396021490668313,2024,-0.8344764359637596,-2.0679931684318618,0.0,0.0,0.7610069965342529,-0.21827622634798557
0.2827362712379259,경기도,화성시,만세구,"경기도 화성시 만세구 남양읍 남양리 2314-1(토지, 제1동호 건물)",-0.8671142503013684,2021-10-09,근린주택,-0.7448802221605977,-0.07374517368489526,-0.1263910340245349,0.7253072743193039,2022-11-15,2.105410634104219,-1.186976988325684,-0.1266477514801753,-0.20498001542269692,0.0,-0.23879059867206162,-0.14344382763731175,0.0,-0.21827622634798557,1.8732567653930703,-1.6779107888635245,-0.1574591643244434,-0.1704278238830942,0.23520023158188028,0.0,1.7320508075688774,-1.0,-0.5773502691896258,10,-0.5462868471524165,1.5634719199411433,2021,-0.551177112049985,0.4835605916233708,0.0,0.0,-0.0775863224754292,-0.21827622634798557
0.2923600147552201,경기도,화성만세구,남양읍,경기도 화성만세구 남양읍 남양리 2054-16,-0.24713467505544728,2024-10-15,근린주택,-0.714569545124507,-0.29387324879078963,0.37286641647474755,0.24479390809005222,2021-08-05,-0.11972598959168153,-1.125662617756059,0.3726401558730701,-0.20498001542269692,0.0,-0.23879059867206162,-0.14344382763731175,0.0,-0.21827622634798557,1.8732567653930703,-1.6779107888635245,-0.1574591643244434,-0.1704278238830942,0.23520023158188028,0.0,-0.5773502691896258,1.0,-0.5773502691896258,10,-0.5462868471524165,1.5634719199411433,2024,2.1401664651308745,0.4835605916233708,0.0,0.0,-0.2980832358558492,-0.21827622634798557
0.3019837582725143,경기도,화성만세구,남양읍,경기도 화성만세구 남양읍 남양리 2017-5,-0.8751468643630219,2024-01-09,근린주택,-0.7830329057554446,-0.8622911304863413,0.014935559660221795,0.5310256355043904,2015-12-29,0.44564447740909174,-0.757776394338309,0.014687463735257927,-0.20498001542269692,0.0,-0.23879059867206162,-0.14344382763731175,0.0,-0.21827622634798557,-0.5338296481690097,0.5959792419460607,-0.1574591643244434,5.8675865079751,-4.251696493980147,0.0,1.7320508075688774,-1.0,-0.5773502691896258,1,-0.5462868471524165,-0.6396021490668313,2024,2.1401664651308745,0.4835605916233708,0.0,0.0,-0.8674535370489739,-0.21827622634798557
0.3116075017898085,경기도,화성만세구,남양읍,경기도 화성만세구 남양읍 남양리 2039-20,-0.48062638646467376,2026-01-15,근린주택,-0.6851399924208608,-0.3599517492606747,0.05585645277394682,0.604437399789415,2011-10-07,-1.042491358946515,-0.512518912059809,0.05561085319964205,-0.20498001542269692,0.0,-0.23879059867206162,-0.14344382763731175,0.0,-0.21827622634798557,-0.5338296481690097,0.5959792419460607,-0.1574591643244434,-0.1704278238830942,0.23520023158188028,0.0,-0.5773502691896258,1.0,-0.5773502691896258,1,-0.5462868471524165,-0.6396021490668313,2026,2.1401664651308745,0.4835605916233708,0.0,0.0,-0.3642724549611688,-0.21827622634798557
0.32123124530710273,경기도,화성만세구,남양읍,경기도 화성만세구 남양읍 남양리 2149-1,0.03466566630051571,2026-03-23,근린주택,-0.7538236341349095,-0.34258046795822383,0.990479627573936,0.3686299145102452,2019-07-15,-1.1777764349788429,-1.003033876616809,0.9902910440371827,-0.20498001542269692,0.0,-0.23879059867206162,-0.14344382763731175,0.0,-0.21827622634798557,1.8732567653930703,-1.6779107888635245,-0.1574591643244434,-0.1704278238830942,0.23520023158188028,0.0,-0.5773502691896258,1.0,-0.5773502691896258,3,1.8305401369493255,-0.6396021490668313,2026,2.1401664651308745,0.4835605916233708,0.0,0.0,-0.34687206699697654,-0.21827622634798557
0.33085498882439696,경기도,화성만세구,남양읍,경기도 화성만세구 남양읍 남양리 2016-11,-0.4967292631135859,2025-01-10,근린주택,-0.7532949595354427,-0.4304137742120721,0.3450548028853743,0.5310256355043904,2015-08-06,-0.2953946704097789,-0.757776394338309,0.34482684565552923,-0.20498001542269692,0.0,-0.23879059867206162,-0.14344382763731175,0.0,-0.21827622634798557,-0.5338296481690097,0.5959792419460607,-0.1574591643244434,-0.1704278238830942,0.23520023158188028,0.0,-0.5773502691896258,1.0,-0.5773502691896258,1,-0.5462868471524165,-0.6396021490668313,2025,2.1401664651308745,0.4835605916233708,0.0,0.0,-0.4348525434157797,-0.21827622634798557
0.35010247585898535,서울특별시,마포구,신수동,서울특별시 마포구  신수동 22-14,1.3228957982134892,2025-01-13,근린상가,-0.8128149081920687,-0.6184544501132953,5.244788813061407,4.151931140593026,1989-10-25,-0.30145221112764436,0.836397240471941,5.244859760701298,-0.20498001542269692,0.0,3.134504440796556,-0.14344382763731175,0.0,3.8826710565535687,-0.5338296481690097,0.5959792419460607,-0.1574591643244434,-0.1704278238830942,0.23520023158188028,0.0,-0.5773502691896258,-1.0,1.7320508075688774,1,-0.5462868471524165,-0.6396021490668313,2025,-0.6928267740068723,-2.0679931684318618,0.0,0.0,-0.5493637277579447,3.8826710565535687
0.3597262193762796,서울특별시,마포구,구수동,서울특별시 마포구  구수동 12,-0.1746717301353425,2025-12-30,근린상가,-0.8432136976614039,-0.8285755650456798,3.804227497074211,4.6939917435460865,2012-02-09,-1.0101844751178994,-0.573833282629434,3.804210564271693,-0.20498001542269692,0.0,3.134504440796556,-0.14344382763731175,0.0,3.8826710565535687,-0.5338296481690097,0.5959792419460607,-0.1574591643244434,-0.1704278238830942,0.23520023158188028,0.0,-0.5773502691896258,1.0,-0.5773502691896258,12,-0.5462868471524165,-0.6396021490668313,2025,-0.6928267740068723,-2.0679931684318618,0.0,0.0,-0.8049383106644902,3.8826710565535687
0.3693499628935738,서울특별시,마포구,창전동,서울특별시 마포구  창전동 402-20,2.0072680557922564,2023-06-26,근린상가,-0.7528984535858427,-0.48827629736803657,3.3445838103046843,5.65872614086747,1979-12-31,0.8434229845489215,1.449540946168191,3.344538837258341,-0.20498001542269692,0.0,3.134504440796556,-0.14344382763731175,0.0,3.8826710565535687,-0.5338296481690097,0.5959792419460607,-0.1574591643244434,-0.1704278238830942,0.23520023158188028,0.0,-0.5773502691896258,-1.0,1.7320508075688774,6,-0.5462868471524165,-0.6396021490668313,2023,-0.6928267740068723,-2.0679931684318618,0.0,0.0,-0.3910253946393518,3.8826710565535687
0.6003198073086349,충청남도,예산군,삽교읍,충청남도 예산군 삽교읍 신리 313-110외,0.13450350152377116,2025-11-21,숙박시설,-0.4026515314391543,0.17500105410744476,-0.08705913821444303,-0.3668224876906373,2021-07-05,-0.9314364457856489,-1.125662617756059,-0.08731345625510102,-0.20498001542269692,0.0,-0.23879059867206162,-0.14344382763731175,0.0,-0.21827622634798557,1.8732567653930703,-1.6779107888635245,-0.1574591643244434,-0.1704278238830942,0.23520023158188028,0.0,-0.5773502691896258,1.0,-0.5773502691896258,11,-0.5462868471524165,1.5634719199411433,2025,-0.6928267740068723,-2.0679931684318618,0.0,0.0,0.1715766950853652,-0.21827622634798557
0.6099435508259291,충청남도,예산군,삽교읍,충청남도 예산군 삽교읍 신리 313-117외,-0.35019308560848517,2026-01-30,상업용,-0.45753236048545987,-0.3876430996281719,-0.2058319012333278,-0.33486241657261145,2018-05-17,-1.0727790625358422,-0.941719506047184,-0.20609346492388939,-0.20498001542269692,0.0,-0.23879059867206162,-0.14344382763731175,0.0,-0.21827622634798557,1.8732567653930703,-1.6779107888635245,-0.1574591643244434,-0.1704278238830942,0.23520023158188028,0.0,-0.5773502691896258,1.0,-0.5773502691896258,1,-0.5462868471524165,-0.6396021490668313,2026,-0.6928267740068723,-2.0679931684318618,0.0,0.0,-0.39201020390769287,-0.21827622634798557
0.6195672943432233,충청남도,예산군,덕산면,충청남도 예산군 덕산면 신평리 553,2.0072680557922564,2023-06-12,숙박시설,-0.7528984535858427,0.021790611300753448,3.3445838103046843,-0.2365351444090331,1979-12-31,0.8716915078989601,1.449540946168191,3.344538837258341,-0.20498001542269692,0.0,-0.23879059867206162,-0.14344382763731175,0.0,-0.21827622634798557,-0.5338296481690097,0.5959792419460607,-0.1574591643244434,-0.1704278238830942,0.23520023158188028,0.0,-0.5773502691896258,-1.0,1.7320508075688774,6,-0.5462868471524165,-0.6396021490668313,2023,-0.6928267740068723,-2.0679931684318618,0.0,0.0,0.018109538657128974,-0.21827622634798557
0.6388147813778117,제주특별자치도,제주시,애월읍,제주특별자치도 제주시 애월읍 신엄리 3075,-0.7036512280521073,2025-10-30,숙박시설,-0.41131738924874595,-0.6364519491988193,-0.3512905423570406,-0.28384494805938226,2014-12-12,-0.8870144805213024,-0.696462023768684,-0.3515609796509625,-0.20498001542269692,0.0,-0.23879059867206162,-0.14344382763731175,0.0,-0.21827622634798557,-0.5338296481690097,0.5959792419460607,-0.1574591643244434,-0.1704278238830942,0.23520023158188028,0.0,-0.5773502691896258,1.0,-0.5773502691896258,10,-0.5462868471524165,1.5634719199411433,2025,-0.19705295715776672,0.4835605916233708,0.0,0.0,-0.6412359481734772,-0.21827622634798557
0.6676860119296943,제주특별자치도,제주시,애월읍,제주특별자치도 제주시 애월읍 신엄리 3075,-0.7036512280521073,2025-10-30,숙박시설,-0.41131738924874595,-0.6364519491988193,-0.3512905423570406,-0.28384494805938226,2014-12-12,-0.8870144805213024,-0.696462023768684,-0.3515609796509625,-0.20498001542269692,0.0,-0.23879059867206162,-0.14344382763731175,0.0,-0.21827622634798557,-0.5338296481690097,0.5959792419460607,-0.1574591643244434,-0.1704278238830942,0.23520023158188028,0.0,-0.5773502691896258,1.0,-0.5773502691896258,10,-0.5462868471524165,1.5634719199411433,2025,-0.19705295715776672,0.4835605916233708,0.0,0.0,-0.6412359481734772,-0.21827622634798557
0.6869334989642828,경상남도,김해시,신문동,경상남도 김해시  신문동 651-2외,-0.5502218921399067,2025-06-05,전 등,-0.7198562911191739,-0.2298111695824004,0.1139648888190575,-0.21710698052754174,1979-12-31,-0.5901949853458964,1.449540946168191,0.1137228341095293,-0.20498001542269692,0.0,-0.23879059867206162,-0.14344382763731175,0.0,-0.21827622634798557,-0.5338296481690097,0.5959792419460607,-0.1574591643244434,-0.1704278238830942,0.23520023158188028,0.0,-0.5773502691896258,1.0,-0.5773502691896258,6,-0.5462868471524165,-0.6396021490668313,2025,-0.6220019430284287,-2.0679931684318618,0.0,0.0,-0.2339138166512038,-0.21827622634798557
0.696557242481577,경상남도,김해시,신문동,경상남도 김해시  신문동 976,-1.169024363205669,2024-05-01,전,-0.6716147339178377,-0.2298111695824004,-0.484433304901397,-0.41576366388065367,1979-12-31,0.21747711036949396,1.449540946168191,-0.4847118644770615,-0.20498001542269692,0.0,-0.23879059867206162,-0.14344382763731175,0.0,-0.21827622634798557,-0.5338296481690097,0.5959792419460607,-0.1574591643244434,-0.1704278238830942,0.23520023158188028,0.0,1.7320508075688774,-1.0,-0.5773502691896258,5,1.8305401369493255,-0.6396021490668313,2024,-0.6220019430284287,-2.0679931684318618,0.0,0.0,-0.2339138166512038,-0.21827622634798557
0.7061809859988712,경상남도,김해시,신문동,경상남도 김해시  신문동 507-9외,-0.4355383318477197,2023-10-18,답,-0.6921933927020789,-0.2298111695824004,0.11395372121606802,0.9247796439422494,1979-12-31,0.6132364372700352,1.449540946168191,0.11371166582526779,-0.20498001542269692,0.0,-0.23879059867206162,-0.14344382763731175,0.0,-0.21827622634798557,-0.5338296481690097,0.5959792419460607,-0.1574591643244434,-0.1704278238830942,0.23520023158188028,0.0,-0.5773502691896258,1.0,-0.5773502691896258,10,-0.5462868471524165,1.5634719199411433,2023,-0.6220019430284287,-2.0679931684318618,0.0,0.0,-0.2339138166512038,-0.21827622634798557
0.7158047295161655,경상남도,김해시,신문동,경상남도 김해시  신문동 976,-1.1247414524211605,2024-03-26,답,-0.4634491103778247,-0.2298111695824004,-0.484433304901397,-0.41576366388065367,1979-12-31,0.29016759898387906,1.449540946168191,-0.4847118644770615,-0.20498001542269692,0.0,-0.23879059867206162,-0.14344382763731175,0.0,-0.21827622634798557,-0.5338296481690097,0.5959792419460607,-0.1574591643244434,-0.1704278238830942,0.23520023158188028,0.0,1.7320508075688774,-1.0,-0.5773502691896258,3,1.8305401369493255,-0.6396021490668313,2024,-0.6220019430284287,-2.0679931684318618,0.0,0.0,-0.2339138166512038,-0.21827622634798557
0.7735471906199307,제주특별자치도,제주시,구좌읍,제주특별자치도 제주시 구좌읍 덕천리 828-1외,-0.9049371861635094,2026-02-27,임야 등,4.743114570036721,-0.2298111695824004,-0.5084523645635342,-0.5365593851132849,1979-12-31,-1.1293161092359194,1.449540946168191,-0.5087323894052488,-0.20498001542269692,0.0,-0.23879059867206162,-0.14344382763731175,0.0,-0.21827622634798557,-0.5338296481690097,0.5959792419460607,-0.1574591643244434,-0.1704278238830942,0.23520023158188028,0.0,1.7320508075688774,-1.0,-0.5773502691896258,2,-0.5462868471524165,-0.6396021490668313,2026,-0.19705295715776672,0.4835605916233708,0.0,0.0,-0.2339138166512038,-0.21827622634798557
0.7831709341372249,제주특별자치도,제주시,구좌읍,제주특별자치도 제주시 구좌읍 덕천리 116-2,-1.164998644043441,2025-05-26,임야,-0.2299511622800324,-0.2298111695824004,-0.5054860800700748,-0.540667477781356,1979-12-31,-0.5700031829530117,1.449540946168191,-0.5057659239556642,-0.20498001542269692,0.0,-0.23879059867206162,-0.14344382763731175,0.0,-0.21827622634798557,-0.5338296481690097,0.5959792419460607,-0.1574591643244434,-0.1704278238830942,0.23520023158188028,0.0,1.7320508075688774,-1.0,-0.5773502691896258,5,1.8305401369493255,-0.6396021490668313,2025,-0.19705295715776672,0.4835605916233708,0.0,0.0,-0.2339138166512038,-0.21827622634798557
0.7927946776545192,제주특별자치도,제주시,구좌읍,제주특별자치도 제주시 구좌읍 덕천리 77-18,-1.1666089317083321,2025-08-08,임야,-0.7542201400845094,-0.2298111695824004,-0.4602159736108524,-0.5314428076025105,1979-12-31,-0.7194225206603588,1.449540946168191,-0.4604930558250439,-0.20498001542269692,0.0,-0.23879059867206162,-0.14344382763731175,0.0,-0.21827622634798557,-0.5338296481690097,0.5959792419460607,-0.1574591643244434,-0.1704278238830942,0.23520023158188028,0.0,1.7320508075688774,-1.0,-0.5773502691896258,8,-0.5462868471524165,-0.6396021490668313,2025,-0.19705295715776672,0.4835605916233708,0.0,0.0,-0.2339138166512038,-0.21827622634798557
0.8024184211718133,제주특별자치도,제주시,구좌읍,제주특별자치도 제주시 구좌읍 덕천리 1343외,-1.08448426079888,2024-07-05,임야,2.867051075125867,-0.2298111695824004,-0.5115649027443905,-0.5344089394928145,1979-12-31,0.08623039481574302,1.449540946168191,-0.5118451174643347,-0.20498001542269692,0.0,-0.23879059867206162,-0.14344382763731175,0.0,-0.21827622634798557,-0.5338296481690097,0.5959792419460607,-0.1574591643244434,-0.1704278238830942,0.23520023158188028,0.0,1.7320508075688774,-1.0,-0.5773502691896258,7,-0.5462868471524165,-0.6396021490668313,2024,-0.19705295715776672,0.4835605916233708,0.0,0.0,-0.2339138166512038,-0.21827622634798557
0.8120421646891075,제주특별자치도,제주시,구좌읍,제주특별자치도 제주시 구좌읍 덕천리 920,-0.8751468643630219,2024-11-11,임야,1.3979260419111799,-0.2298111695824004,-0.49420963262312867,-0.5382649109502098,1979-12-31,-0.17424385605247036,1.449540946168191,-0.4944887885968748,-0.20498001542269692,0.0,-0.23879059867206162,-0.14344382763731175,0.0,-0.21827622634798557,-0.5338296481690097,0.5959792419460607,-0.1574591643244434,-0.1704278238830942,0.23520023158188028,0.0,1.7320508075688774,-1.0,-0.5773502691896258,11,-0.5462868471524165,1.5634719199411433,2024,-0.19705295715776672,0.4835605916233708,0.0,0.0,-0.2339138166512038,-0.21827622634798557
0.831289651723696,경기도,광주시,태전동,경기도 광주시  태전동 523-1외,0.3003631310075665,2026-02-12,공장,-0.7058464142333064,-0.468024414263449,0.8071060831704195,-0.03899076051478516,1992-12-29,-1.0990284056465924,0.652454128763066,0.8069063130579687,-0.20498001542269692,0.0,-0.23879059867206162,-0.14344382763731175,0.0,-0.21827622634798557,-0.5338296481690097,0.5959792419460607,-0.1574591643244434,-0.1704278238830942,0.23520023158188028,0.0,-0.5773502691896258,1.0,-0.5773502691896258,2,-0.5462868471524165,-0.6396021490668313,2026,-0.19705295715776672,0.4835605916233708,0.0,0.0,-0.47252620243270055,-0.21827622634798557
0.8505371387582844,경기도,광주시,목동,경기도 광주시  목동 74외,0.42918614419886386,2024-10-29,공장,-0.46741416987382495,-0.36873132257936103,0.08914415770032363,-0.09601464610588,2022-11-02,-0.1479945129417202,-1.186976988325684,0.08890058881933484,-0.20498001542269692,0.0,-0.23879059867206162,-0.14344382763731175,0.0,-0.21827622634798557,1.8732567653930703,-1.6779107888635245,-0.1574591643244434,-0.1704278238830942,0.23520023158188028,0.0,-0.5773502691896258,1.0,-0.5773502691896258,10,-0.5462868471524165,1.5634719199411433,2024,-0.19705295715776672,0.4835605916233708,0.0,0.0,-0.3730667390007497,-0.21827622634798557
0.8601608822755786,경기도,광주시,태전동,경기도 광주시  태전동 446-3,2.3872959447065836,2024-12-31,공장,-0.21981823245692067,0.8838545358349943,0.31317949625193203,-0.05337650018275967,1994-09-09,-0.27520286801689414,0.529825387623816,0.3129495944911477,-0.20498001542269692,0.0,-0.23879059867206162,-0.14344382763731175,0.0,-0.21827622634798557,-0.5338296481690097,0.5959792419460607,-0.1574591643244434,-0.1704278238830942,0.23520023158188028,0.0,-0.5773502691896258,-1.0,1.7320508075688774,12,-0.5462868471524165,-0.6396021490668313,2024,-0.19705295715776672,0.4835605916233708,0.0,0.0,0.8816179048887909,-0.21827622634798557
0.8697846257928729,경기도,광주시,태전동,경기도 광주시  태전동 467-48,-1.1811015206923532,2025-08-17,공장용지,-0.7643354474209724,-0.2298111695824004,-0.4743561244785978,-0.09601464610588,1979-12-31,-0.7375951428139551,1.449540946168191,-0.4746340693028706,-0.20498001542269692,0.0,-0.23879059867206162,-0.14344382763731175,0.0,-0.21827622634798557,-0.5338296481690097,0.5959792419460607,-0.1574591643244434,-0.1704278238830942,0.23520023158188028,0.0,1.7320508075688774,-1.0,-0.5773502691896258,8,-0.5462868471524165,-0.6396021490668313,2025,-0.19705295715776672,0.4835605916233708,0.0,0.0,-0.2339138166512038,-0.21827622634798557
0.8890321128274612,경기도,평택시,청북읍,경기도 평택시 청북읍 옥길리 1134-4,-0.5208835780869542,2026-02-10,근린상가,-0.6913078627479722,-0.35621949127355834,0.042102736444899765,0.23515397944656413,2016-09-29,-1.0949900451680155,-0.819090764907934,0.04185629783468418,-0.20498001542269692,0.0,-0.23879059867206162,-0.14344382763731175,0.0,-0.21827622634798557,1.8732567653930703,-1.6779107888635245,-0.1574591643244434,-0.1704278238830942,0.23520023158188028,0.0,-0.5773502691896258,1.0,-0.5773502691896258,2,-0.5462868471524165,-0.6396021490668313,2026,-0.4803522810715414,0.4835605916233708,0.0,0.0,-0.360533943343772,-0.21827622634798557
0.8986558563447554,경기도,평택시,안중읍,경기도 평택시 안중읍 덕우리 187외,-0.9352766160577248,2025-05-13,근린상가,-0.6735972636658377,-0.6960929308587117,-0.3116563050183653,-0.33827346824646104,1998-11-18,-0.5437538398422614,0.284567905345316,-0.3119243244531698,-0.20498001542269692,0.0,-0.23879059867206162,-0.14344382763731175,0.0,-0.21827622634798557,-0.5338296481690097,0.5959792419460607,-0.1574591643244434,-0.1704278238830942,0.23520023158188028,0.0,1.7320508075688774,-1.0,-0.5773502691896258,5,1.8305401369493255,-0.6396021490668313,2025,-0.4803522810715414,0.4835605916233708,0.0,0.0,-0.7009768620058371,-0.21827622634798557
0.9082795998620496,경기도,평택시,안중읍,경기도 평택시 안중읍 학현리 505-12,0.155437241167357,2025-04-16,근린상가,-0.4863583430213817,0.20864147341413758,0.012468722981141482,1.0337849909109222,2000-11-16,-0.4892359733814726,0.161939164206066,0.012220476568519502,-0.20498001542269692,0.0,-0.23879059867206162,-0.14344382763731175,0.0,-0.21827622634798557,-0.5338296481690097,0.5959792419460607,-0.1574591643244434,-0.1704278238830942,0.23520023158188028,0.0,-0.5773502691896258,1.0,-0.5773502691896258,4,1.8305401369493255,-0.6396021490668313,2025,-0.4803522810715414,0.4835605916233708,0.0,0.0,0.20527348100592774,-0.21827622634798557
0.9179033433793439,경기도,평택시,안중읍,경기도 평택시 안중읍 학현리 132-1,0.07492285792279614,2024-05-20,근린상가,-0.32070696852181585,-0.4424747287140621,-0.16625879273307229,-0.15593051029002125,2023-10-25,0.1791126858230129,-1.248291358895309,-0.16651794229363895,-0.20498001542269692,0.0,-0.23879059867206162,-0.14344382763731175,0.0,-0.21827622634798557,1.8732567653930703,-1.6779107888635245,-0.1574591643244434,-0.1704278238830942,0.23520023158188028,0.0,-0.5773502691896258,1.0,-0.5773502691896258,5,1.8305401369493255,-0.6396021490668313,2024,-0.4803522810715414,0.4835605916233708,0.0,0.0,-0.4469337067968303,-0.21827622634798557
0.9275270868966381,경기도,평택시,안중읍,경기도 평택시 안중읍 덕우리 220,-1.0925356991233361,2023-10-05,대지,-0.6176458685556121,-0.2298111695824004,-0.4467064408253343,-0.33827346824646104,1979-12-31,0.6394857803807854,1.449540946168191,-0.4469826988998624,-0.20498001542269692,0.0,-0.23879059867206162,-0.14344382763731175,0.0,-0.21827622634798557,-0.5338296481690097,0.5959792419460607,-0.1574591643244434,-0.1704278238830942,0.23520023158188028,0.0,1.7320508075688774,-1.0,-0.5773502691896258,10,-0.5462868471524165,1.5634719199411433,2023,-0.4803522810715414,0.4835605916233708,0.0,0.0,-0.2339138166512038,-0.21827622634798557
0.9467745739312265,대전광역시,서구,갈마동,대전광역시 서구  갈마동 377-19,-0.47257494814021767,2025-12-04,상업용,-0.7756314613629107,-0.3442837803281829,0.5651748586897306,0.5614284873800066,1995-07-15,-0.957685788896399,0.468511017054191,0.5649603297309854,-0.20498001542269692,0.0,-0.23879059867206162,-0.14344382763731175,0.0,-0.21827622634798557,-0.5338296481690097,0.5959792419460607,-0.1574591643244434,-0.1704278238830942,0.23520023158188028,0.0,-0.5773502691896258,1.0,-0.5773502691896258,12,-0.5462868471524165,-0.6396021490668313,2025,-0.4095274500930977,0.4835605916233708,0.0,0.0,-0.3485782333727013,-0.21827622634798557
0.9563983174485207,대전광역시,서구,갈마동,대전광역시 서구  갈마동 292-3,0.6546264172836342,2025-06-20,상업용,-0.7102960921121512,0.8386917093197546,1.1598482090929507,1.145014936797323,1997-10-31,-0.6204826889352235,0.34588227591494103,1.1596699577688623,-0.20498001542269692,0.0,-0.23879059867206162,-0.14344382763731175,0.0,-0.21827622634798557,-0.5338296481690097,0.5959792419460607,-0.1574591643244434,-0.1704278238830942,0.23520023158188028,0.0,-0.5773502691896258,-1.0,1.7320508075688774,6,-0.5462868471524165,-0.6396021490668313,2025,-0.4095274500930977,0.4835605916233708,0.0,0.0,0.8363794052500906,-0.21827622634798557
0.9660220609658149,대전광역시,서구,갈마동,대전광역시 서구  갈마동 308-10,-0.7382724128472684,2024-07-19,상업용,-0.7988050313062012,-0.38093004499362715,0.37564963469993917,0.7786976483447763,1992-05-01,0.057961871465704355,0.652454128763066,0.3754235438865564,-0.20498001542269692,0.0,-0.23879059867206162,-0.14344382763731175,0.0,-0.21827622634798557,-0.5338296481690097,0.5959792419460607,-0.1574591643244434,-0.1704278238830942,0.23520023158188028,0.0,1.7320508075688774,-1.0,-0.5773502691896258,7,-0.5462868471524165,-0.6396021490668313,2024,-0.4095274500930977,0.4835605916233708,0.0,0.0,-0.38528590113277805,-0.21827622634798557
0.9756458044831091,대전광역시,서구,갈마동,대전광역시 서구  갈마동 361-18,-0.1746717301353425,2024-11-13,상업용,-0.6505999185890363,0.867197142805247,0.17264121443307245,0.3330363318265969,1990-10-23,-0.17828221653104734,0.775082869902316,0.17240273923202926,-0.20498001542269692,0.0,-0.23879059867206162,-0.14344382763731175,0.0,-0.21827622634798557,-0.5338296481690097,0.5959792419460607,-0.1574591643244434,-0.1704278238830942,0.23520023158188028,0.0,-0.5773502691896258,1.0,-0.5773502691896258,11,-0.5462868471524165,1.5634719199411433,2024,-0.4095274500930977,0.4835605916233708,0.0,0.0,0.8649326013614833,-0.21827622634798557
0.9852695480004033,충청북도,충주시,대소원면,"충청북도 충주시 대소원면 본리 1100(토지, 건물), 1102-1(토지)",2.2810169588237637,2021-01-11,주유소,1.027633541201379,-0.573980463159436,-0.23810178227655465,-0.18017863849325663,2012-07-30,2.6526084789513957,-0.573833282629434,-0.23836531456879334,-0.20498001542269692,0.0,-0.23879059867206162,-0.14344382763731175,0.0,-0.21827622634798557,-0.5338296481690097,0.5959792419460607,-0.1574591643244434,-0.1704278238830942,0.23520023158188028,0.0,-0.5773502691896258,-1.0,1.7320508075688774,1,-0.5462868471524165,-0.6396021490668313,2021,-0.6220019430284287,-2.0679931684318618,0.0,0.0,-0.5786597872755747,-0.21827622634798557
0.9948932915176976,충청북도,충주시,대소원면,충청북도 충주시 대소원면 본리 1102,2.5708687385041826,2025-07-25,상업나지,0.7400786153081169,-0.2298111695824004,-0.16140731086490556,-0.20494583977729525,1979-12-31,-0.6911539973103202,1.449540946168191,-0.1616661644641907,-0.20498001542269692,0.0,-0.23879059867206162,-0.14344382763731175,0.0,-0.21827622634798557,-0.5338296481690097,0.5959792419460607,-0.1574591643244434,-0.1704278238830942,0.23520023158188028,0.0,-0.5773502691896258,-1.0,1.7320508075688774,7,-0.5462868471524165,-0.6396021490668313,2025,-0.6220019430284287,-2.0679931684318618,0.0,0.0,-0.2339138166512038,-0.21827622634798557
1.0045170350349917,충청북도,충주시,신니면,충청북도 충주시 신니면 모남리 99-1,-0.8670954260385658,2020-07-06,주유소,-0.6502474688560586,-0.7852913918796596,-0.2873360335716925,-0.46752266536645887,2007-11-16,3.0342335441769177,-0.267261429781309,-0.28760256936523126,-0.20498001542269692,0.0,-0.23879059867206162,-0.14344382763731175,0.0,-0.21827622634798557,-0.5338296481690097,0.5959792419460607,-0.1574591643244434,-0.1704278238830942,0.23520023158188028,0.0,1.7320508075688774,-1.0,-0.5773502691896258,7,-0.5462868471524165,-0.6396021490668313,2020,-0.6220019430284287,-2.0679931684318618,0.0,0.0,-0.7903247805934197,-0.21827622634798557
1.014140778552286,충청북도,충주시,금릉동,충청북도 충주시 금릉동 180-2,-0.8670954260385658,2023-08-31,주유소,-0.5973800089093886,-0.9036215041691731,-0.3302925339356015,-0.16482890596093333,2003-05-13,0.7101570887558821,-0.022003947502809,-0.33056169026060567,-0.20498001542269692,0.0,-0.23879059867206162,-0.14344382763731175,0.0,-0.21827622634798557,-0.5338296481690097,0.5959792419460607,6.350852961085884,-0.1704278238830942,-4.251696493980147,0.0,1.7320508075688774,-1.0,-0.5773502691896258,8,-0.5462868471524165,-0.6396021490668313,2023,-0.6220019430284287,-2.0679931684318618,0.0,0.0,-0.9088531623422936,-0.21827622634798557
1.0333882655868745,경기도,화성만세구,남양읍,경기도 화성만세구 남양읍 장덕리 780-28외,0.5982663490124417,2025-06-20,"제조업소, 사무소",0.4758294280080115,-0.08578107947556235,-0.3134988098486741,-0.3436866589462659,2023-10-27,-0.6204826889352235,-1.248291358895309,-0.313766941684206,-0.20498001542269692,0.0,-0.23879059867206162,-0.14344382763731175,0.0,-0.21827622634798557,1.8732567653930703,-1.6779107888635245,-0.1574591643244434,-0.1704278238830942,0.23520023158188028,0.0,-0.5773502691896258,-1.0,1.7320508075688774,6,-0.5462868471524165,-0.6396021490668313,2025,2.1401664651308745,0.4835605916233708,0.0,0.0,-0.0896423951744839,-0.21827622634798557
1.0430120091041686,경기도,화성만세구,남양읍,경기도 화성만세구 남양읍 장덕리 967-8외,-0.6738609062516198,2025-11-13,제조업소,-0.5511209814560524,-0.714503733681064,-0.2670997227983669,-0.303198958643616,2023-01-17,-0.915283003871341,-1.248291358895309,-0.26736502408982393,-0.20498001542269692,0.0,-0.23879059867206162,-0.14344382763731175,0.0,-0.21827622634798557,1.8732567653930703,-1.6779107888635245,-0.1574591643244434,-0.1704278238830942,0.23520023158188028,0.0,-0.5773502691896258,1.0,-0.5773502691896258,11,-0.5462868471524165,1.5634719199411433,2025,2.1401664651308745,0.4835605916233708,0.0,0.0,-0.7194185132728613,-0.21827622634798557
1.052635752621463,경기도,화성만세구,남양읍,경기도 화성만세구 남양읍 신남리 1175,-0.42426631819348115,2025-07-29,제조업소,-0.4365748182382675,-0.5657018640672081,-0.24596143031536374,-0.22244601793008897,2022-03-11,-0.6992307182674741,-1.186976988325684,-0.2462254420799714,-0.20498001542269692,0.0,-0.23879059867206162,-0.14344382763731175,0.0,-0.21827622634798557,1.8732567653930703,-1.6779107888635245,-0.1574591643244434,-0.1704278238830942,0.23520023158188028,0.0,-0.5773502691896258,1.0,-0.5773502691896258,7,-0.5462868471524165,-0.6396021490668313,2025,2.1401664651308745,0.4835605916233708,0.0,0.0,-0.5703673168759127,-0.21827622634798557
1.062259496138757,경기도,화성만세구,남양읍,경기도 화성만세구 남양읍 장덕리 61,1.6207990162183645,2025-06-10,제조업소,1.0683855415769372,0.5056189948587761,-0.2954864451158251,-0.3261864807934722,2020-12-21,-0.6002908865423388,-1.064348247186434,-0.29575347811955854,-0.20498001542269692,0.0,-0.23879059867206162,-0.14344382763731175,0.0,-0.21827622634798557,1.8732567653930703,-1.6779107888635245,-0.1574591643244434,-0.1704278238830942,0.23520023158188028,0.0,-0.5773502691896258,-1.0,1.7320508075688774,6,-0.5462868471524165,-0.6396021490668313,2025,2.1401664651308745,0.4835605916233708,0.0,0.0,0.5027486067499262,-0.21827622634798557
1.0718832396560514,경기도,화성만세구,남양읍,경기도 화성만세구 남양읍 장덕리 491-17,-0.5369864547358664,2025-07-01,제조업소,-0.2940970136819919,-0.5278908343252477,-0.3411249538004818,-0.2934107234056127,2013-06-04,-0.6426936715673968,-0.635147653199059,-0.34139477094973514,-0.20498001542269692,0.0,-0.23879059867206162,-0.14344382763731175,0.0,-0.21827622634798557,-0.5338296481690097,0.5959792419460607,-0.1574591643244434,-0.1704278238830942,0.23520023158188028,0.0,-0.5773502691896258,1.0,-0.5773502691896258,7,-0.5462868471524165,-0.6396021490668313,2025,2.1401664651308745,0.4835605916233708,0.0,0.0,-0.5324929324030242,-0.21827622634798557
1.0911307266906396,충청남도,당진시,대덕동,충청남도 당진시  대덕동 705-6,-1.1327928907456166,2025-02-05,단독주택,-0.4929667755147154,-0.9184002438497008,-0.4851302714818914,-0.46692943898839806,2019-09-20,-0.3478933566312793,-1.003033876616809,-0.48540887357551804,-0.20498001542269692,0.0,-0.23879059867206162,-0.14344382763731175,0.0,-0.21827622634798557,1.8732567653930703,-1.6779107888635245,6.350852961085884,-0.1704278238830942,-4.251696493980147,0.0,1.7320508075688774,-1.0,-0.5773502691896258,2,-0.5462868471524165,-0.6396021490668313,2025,-0.551177112049985,0.4835605916233708,0.0,0.0,-0.9236566647199048,-0.21827622634798557
1.100754470207934,충청남도,당진시,용연동,충청남도 당진시  용연동 800-5,-1.1368186099078448,2025-08-22,단독주택,-0.6621426473440593,-0.2298111695824004,-0.46333008991319014,-0.4895461946519662,1979-12-31,-0.7476910440103975,1.449540946168191,-0.46360736210188336,-0.20498001542269692,0.0,-0.23879059867206162,-0.14344382763731175,0.0,-0.21827622634798557,-0.5338296481690097,0.5959792419460607,-0.1574591643244434,-0.1704278238830942,0.23520023158188028,0.0,1.7320508075688774,-1.0,-0.5773502691896258,8,-0.5462868471524165,-0.6396021490668313,2025,-0.551177112049985,0.4835605916233708,0.0,0.0,-0.2339138166512038,-0.21827622634798557
1.110378213725228,충청남도,당진시,대덕동,충청남도 당진시  대덕동 1447,-0.8509925493896536,2026-03-16,근린상가,-0.770168490501755,-0.7761235635354676,-0.013946929474939442,0.3174641394025008,2009-12-10,-1.1636421733038236,-0.389890170920559,-0.014196787356090033,-0.20498001542269692,0.0,-0.23879059867206162,-0.14344382763731175,0.0,-0.21827622634798557,-0.5338296481690097,0.5959792419460607,-0.1574591643244434,-0.1704278238830942,0.23520023158188028,0.0,1.7320508075688774,-1.0,-0.5773502691896258,3,1.8305401369493255,-0.6396021490668313,2026,-0.551177112049985,0.4835605916233708,0.0,0.0,-0.7811415909829016,-0.21827622634798557
1.1200019572425224,충청남도,당진시,대덕동,"충청남도 당진시  대덕동 633-4, 633-2",-1.0281241925276876,2022-12-13,단독주택,-0.5555266031182748,-0.8108911748516924,-0.429914308807534,-0.41227845890954645,2002-10-21,1.2371631312101743,0.039310423066816,-0.4301895424897129,-0.20498001542269692,0.0,-0.23879059867206162,-0.14344382763731175,0.0,-0.21827622634798557,-0.5338296481690097,0.5959792419460607,-0.1574591643244434,-0.1704278238830942,0.23520023158188028,0.0,1.7320508075688774,-1.0,-0.5773502691896258,12,-0.5462868471524165,-0.6396021490668313,2022,-0.551177112049985,0.4835605916233708,0.0,0.0,-0.815967457593282,-0.21827622634798557
1.1296257007598165,충청남도,당진시,대덕동,충청남도 당진시  대덕동 1630,-0.6497065912782515,2021-08-23,단독주택,-0.7219709895170408,-0.1685420216865177,0.026514289461649,0.09552332071050228,2009-01-07,2.2003121053507773,-0.389890170920559,0.02626689988905357,-0.20498001542269692,0.0,-0.23879059867206162,-0.14344382763731175,0.0,-0.21827622634798557,-0.5338296481690097,0.5959792419460607,-0.1574591643244434,-0.1704278238830942,0.23520023158188028,0.0,-0.5773502691896258,1.0,-0.5773502691896258,8,-0.5462868471524165,-0.6396021490668313,2021,-0.551177112049985,0.4835605916233708,0.0,0.0,-0.17254200848910695,-0.21827622634798557
1.1392494442771108,서울특별시,서초구,방배동,"서울특별시 서초구 방배동 511-69(토지, 건물)",1.1860213466977358,2022-03-07,근린주택,-0.7559823887493985,-0.5387619750393987,2.431594377119164,2.2217208129776838,2015-08-24,1.804552778450236,-0.757776394338309,2.431493707786649,-0.20498001542269692,0.0,0.5108305212098533,6.9713700231733515,0.0,5.24965348418742,-0.5338296481690097,0.5959792419460607,-0.1574591643244434,-0.1704278238830942,0.23520023158188028,0.0,-0.5773502691896258,-1.0,1.7320508075688774,3,1.8305401369493255,-0.6396021490668313,2022,-0.6220019430284287,-2.0679931684318618,0.0,0.0,-0.42211543791969214,5.24965348418742
1.148873187794405,서울특별시,서초구,방배동,서울특별시 서초구  방배동 511-65,0.344646041792075,2026-02-05,근린주택,-0.7696398159022881,-0.6449810354042764,1.6350740330224731,2.109749334118707,2018-07-05,-1.084894143971573,-0.941719506047184,1.6349247725196623,-0.20498001542269692,0.0,0.5108305212098533,6.9713700231733515,0.0,5.24965348418742,1.8732567653930703,-1.6779107888635245,-0.1574591643244434,-0.1704278238830942,0.23520023158188028,0.0,-0.5773502691896258,1.0,-0.5773502691896258,2,-0.5462868471524165,-0.6396021490668313,2026,-0.6220019430284287,-2.0679931684318618,0.0,0.0,-0.5589116283531897,5.24965348418742
1.158496931311699,서울특별시,서초구,방배동,서울특별시 서초구  방배동 511-16,-0.13280425084817085,2026-01-10,근린주택,-0.7647936320738434,-0.2298111695824004,0.9127138518439536,1.145014936797323,1979-12-31,-1.0323954577500727,1.449540946168191,0.912520524260071,-0.20498001542269692,0.0,0.5108305212098533,6.9713700231733515,0.0,5.24965348418742,-0.5338296481690097,0.5959792419460607,-0.1574591643244434,-0.1704278238830942,0.23520023158188028,0.0,-0.5773502691896258,1.0,-0.5773502691896258,1,-0.5462868471524165,-0.6396021490668313,2026,-0.6220019430284287,-2.0679931684318618,0.0,0.0,-0.02422740282789655,5.24965348418742
1.1681206748289934,서울특별시,서초구,방배동,서울특별시 서초구  방배동 2736-10,0.5580091573901612,2025-11-11,단독주택,-0.7440872102613977,-0.7258758486216735,1.4690567945967496,3.335503337786844,1997-11-28,-0.9112446433927641,0.34588227591494103,1.468897406327631,-0.20498001542269692,0.0,0.5108305212098533,6.9713700231733515,0.0,5.24965348418742,-0.5338296481690097,0.5959792419460607,-0.1574591643244434,-0.1704278238830942,0.23520023158188028,0.0,-0.5773502691896258,-1.0,1.7320508075688774,11,-0.5462868471524165,1.5634719199411433,2025,-0.6220019430284287,-2.0679931684318618,0.0,0.0,-0.663093516575093,5.24965348418742
1.1873681618635819,경기도,안성시,일죽면,경기도 안성시 일죽면 능국리 602-6,-0.8509925493896536,2025-08-26,공장,-0.0638592256142443,-0.02885788299420761,-0.44924205433689623,-0.4305943233321738,2004-09-02,-0.7557677649675514,-0.083318318072434,-0.44951846709476523,-0.20498001542269692,0.0,-0.23879059867206162,-0.14344382763731175,0.0,-0.21827622634798557,-0.5338296481690097,0.5959792419460607,-0.1574591643244434,-0.1704278238830942,0.23520023158188028,0.0,1.7320508075688774,-1.0,-0.5773502691896258,8,-0.5462868471524165,-0.6396021490668313,2025,-0.763651604985316,-2.0679931684318618,0.0,0.0,-0.03262382033868439,-0.21827622634798557
1.196991905380876,경기도,안성시,일죽면,경기도 안성시 일죽면 능국리 402-4외,-0.8912497410119341,2025-03-14,공장,0.04495962944265136,-0.7126250803318444,-0.46381405358427724,-0.4596624158571532,1996-03-19,-0.42260302548495293,0.407196646484566,-0.4640913552968381,-0.20498001542269692,0.0,-0.23879059867206162,-0.14344382763731175,0.0,-0.21827622634798557,-0.5338296481690097,0.5959792419460607,-0.1574591643244434,-0.1704278238830942,0.23520023158188028,0.0,1.7320508075688774,-1.0,-0.5773502691896258,3,1.8305401369493255,-0.6396021490668313,2025,-0.763651604985316,-2.0679931684318618,0.0,0.0,-0.717536712123165,-0.21827622634798557
1.2066156488981703,경기도,이천시,설성면,경기도 이천시 설성면 신필리 3-15외,0.638523540634722,2025-04-04,공장,3.4359666228553065,1.3845031290463634,-0.45151926911896556,-0.46196116807213883,2021-07-02,-0.4650058105100109,-1.125662617756059,-0.4517958207967406,-0.20498001542269692,0.0,-0.23879059867206162,-0.14344382763731175,0.0,-0.21827622634798557,1.8732567653930703,-1.6779107888635245,-0.1574591643244434,-0.1704278238830942,0.23520023158188028,0.0,-0.5773502691896258,-1.0,1.7320508075688774,4,1.8305401369493255,-0.6396021490668313,2025,-0.8344764359637596,-2.0679931684318618,0.0,0.0,1.3831053659418695,-0.21827622634798557
1.2162393924154644,경상북도,구미시,공단동,"경상북도 구미시 공단동 292-48(토지, 건물), 292-20(토지)",0.7673465538260195,2025-05-13,공장,1.0042413055246227,-0.2298111695824004,-0.35686481666051856,-0.36051945742374125,1979-12-31,-0.5437538398422614,1.449540946168191,-0.3571355940091721,-0.20498001542269692,0.0,-0.23879059867206162,-0.14344382763731175,0.0,-0.21827622634798557,-0.5338296481690097,0.5959792419460607,-0.1574591643244434,-0.1704278238830942,0.23520023158188028,0.0,-0.5773502691896258,-1.0,1.7320508075688774,5,1.8305401369493255,-0.6396021490668313,2025,-0.19705295715776672,0.4835605916233708,0.0,0.0,-0.2339138166512038,-0.21827622634798557
1.2258631359327588,경상북도,구미시,공단동,경상북도 구미시  공단동 267-86,-0.08610590856632556,2025-11-19,공장,-0.15153109669247197,0.41467964840088456,-0.2813282989570844,-0.36051945742374125,2010-03-15,-0.9273980853070719,-0.451204541490184,-0.28159446825294626,-0.20498001542269692,0.0,-0.23879059867206162,-0.14344382763731175,0.0,-0.21827622634798557,-0.5338296481690097,0.5959792419460607,-0.1574591643244434,-0.1704278238830942,0.23520023158188028,0.0,-0.5773502691896258,1.0,-0.5773502691896258,11,-0.5462868471524165,1.5634719199411433,2025,-0.19705295715776672,0.4835605916233708,0.0,0.0,0.4116568857636249,-0.21827622634798557
1.245110622967347,경상북도,구미시,공단동,경상북도 구미시  공단동 305-6,0.17154011781626916,2025-10-15,공장,-0.08236283659557878,0.3913968712262228,-0.2526002049118638,-0.379131935035399,2011-08-10,-0.8567267769319752,-0.512518912059809,-0.2528646216703041,-0.20498001542269692,0.0,-0.23879059867206162,-0.14344382763731175,0.0,-0.21827622634798557,-0.5338296481690097,0.5959792419460607,-0.1574591643244434,-0.1704278238830942,0.23520023158188028,0.0,-0.5773502691896258,1.0,-0.5773502691896258,10,-0.5462868471524165,1.5634719199411433,2025,-0.19705295715776672,0.4835605916233708,0.0,0.0,0.3883350968483883,-0.21827622634798557
1.2547343664846413,경상북도,구미시,공단동,경상북도 구미시  공단동 267-82,0.4130832675499517,2025-05-02,공장,0.13439374918576805,0.8960031608266146,-0.27283400885074627,-0.3818756070339302,2011-03-25,-0.5215428572100882,-0.512518912059809,-0.2730996599583406,-0.20498001542269692,0.0,-0.23879059867206162,-0.14344382763731175,0.0,-0.21827622634798557,-0.5338296481690097,0.5959792419460607,-0.1574591643244434,-0.1704278238830942,0.23520023158188028,0.0,-0.5773502691896258,1.0,-0.5773502691896258,5,1.8305401369493255,-0.6396021490668313,2025,-0.19705295715776672,0.4835605916233708,0.0,0.0,0.8937868856568272,-0.21827622634798557
1.2643581100019354,경상북도,구미시,공단동,경상북도 구미시  공단동 267-67,0.3164660076564787,2026-02-12,공장,0.1881423334648825,1.1933814616524199,-0.29887592230674015,-0.36051945742374125,2019-04-11,-1.0990284056465924,-1.003033876616809,-0.2991431620831752,-0.20498001542269692,0.0,-0.23879059867206162,-0.14344382763731175,0.0,-0.21827622634798557,1.8732567653930703,-1.6779107888635245,-0.1574591643244434,-0.1704278238830942,0.23520023158188028,0.0,-0.5773502691896258,1.0,-0.5773502691896258,2,-0.5462868471524165,-0.6396021490668313,2026,-0.19705295715776672,0.4835605916233708,0.0,0.0,1.1916634623127609,-0.21827622634798557
1.3990905192440544,서울특별시,영등포구,문래동3가,서울특별시 영등포구  문래동3가 58-88,-0.089326483896108,2025-06-30,근린상가,-0.8370898835509145,-0.8470615140020009,3.488518810198933,3.0173856925517377,1961-12-31,-0.6406744913281083,2.553199616421441,3.4884826178072754,-0.20498001542269692,0.0,2.759693880855598,-0.14344382763731175,0.0,3.0624815999732578,-0.5338296481690097,0.5959792419460607,-0.1574591643244434,5.8675865079751,-4.251696493980147,0.0,-0.5773502691896258,1.0,-0.5773502691896258,6,-0.5462868471524165,-0.6396021490668313,2025,-0.6220019430284287,-2.0679931684318618,0.0,0.0,-0.832378197371891,3.0624815999732578
1.4087142627613487,서울특별시,영등포구,문래동3가,서울특별시 영등포구  문래동3가 58-27,-0.15051741516197426,2026-01-28,근린상가,-0.8356360284023812,-0.9096958166649832,3.145734345095776,3.0173856925517377,1970-12-08,-1.0687407020572652,2.001370281294816,3.1456772413759375,-0.20498001542269692,0.0,2.759693880855598,-0.14344382763731175,0.0,3.0624815999732578,-0.5338296481690097,0.5959792419460607,6.350852961085884,-0.1704278238830942,-4.251696493980147,0.0,-0.5773502691896258,1.0,-0.5773502691896258,1,-0.5462868471524165,-0.6396021490668313,2026,-0.6220019430284287,-2.0679931684318618,0.0,0.0,-0.9058727477594889,3.0624815999732578
1.4183380062786428,서울특별시,영등포구,문래동2가,서울특별시 영등포구  문래동2가 14-61,2.0072680557922564,2025-11-12,근린상가,-0.7691111413028214,-0.8748781079261128,3.91026355839194,3.153827759505723,1979-12-31,-0.9132638236320526,1.449540946168191,3.910253094245685,-0.20498001542269692,0.0,2.759693880855598,-0.14344382763731175,0.0,3.0624815999732578,-0.5338296481690097,0.5959792419460607,-0.1574591643244434,5.8675865079751,-4.251696493980147,0.0,-0.5773502691896258,-1.0,1.7320508075688774,11,-0.5462868471524165,1.5634719199411433,2025,-0.6220019430284287,-2.0679931684318618,0.0,0.0,-0.8650179487037956,3.0624815999732578
1.4279617497959372,서울특별시,영등포구,문래동2가,서울특별시 영등포구  문래동2가 44-4,0.3728260759276713,2025-11-18,근린상가,-0.8255912110125139,-0.8898196642302396,3.936034080107558,3.2101842654214994,1960-08-14,-0.9253789050677834,2.614513986991066,3.9360251880740798,-0.20498001542269692,0.0,2.759693880855598,-0.14344382763731175,0.0,3.0624815999732578,-0.5338296481690097,0.5959792419460607,-0.1574591643244434,5.8675865079751,-4.251696493980147,0.0,-0.5773502691896258,1.0,-0.5773502691896258,11,-0.5462868471524165,1.5634719199411433,2025,-0.6220019430284287,-2.0679931684318618,0.0,0.0,-0.8825502419676237,3.0624815999732578
1.4472092368305256,경기도,고양덕양구,관산동,경기도 고양덕양구  관산동 17-10,-0.6175008379804272,2025-09-24,근린상가,-0.6110374360622783,-0.714503733681064,-0.1795260263850213,0.044431698900015484,1997-06-24,-0.8143239919069173,0.34588227591494103,-0.17978598530396084,-0.20498001542269692,0.0,-0.23879059867206162,-0.14344382763731175,0.0,-0.21827622634798557,-0.5338296481690097,0.5959792419460607,-0.1574591643244434,-0.1704278238830942,0.23520023158188028,0.0,-0.5773502691896258,1.0,-0.5773502691896258,9,-0.5462868471524165,1.5634719199411433,2025,-0.2678777881362104,0.4835605916233708,0.0,0.0,-0.7194185132728613,-0.21827622634798557
1.4568329803478197,경기도,고양덕양구,관산동,경기도 고양덕양구  관산동 638,-0.7704781661450928,2025-04-02,근린상가,-0.661702085177837,-0.714503733681064,-0.20788500768328594,-0.12708487765681464,2024-08-14,-0.46096745003143397,-1.309605729464934,-0.20814669662218035,4.878524367060187,0.0,-0.23879059867206162,-0.14344382763731175,0.0,-0.21827622634798557,-0.5338296481690097,-1.6779107888635245,-0.1574591643244434,-0.1704278238830942,0.23520023158188028,0.0,1.7320508075688774,-1.0,-0.5773502691896258,4,1.8305401369493255,-0.6396021490668313,2025,-0.2678777881362104,0.4835605916233708,0.0,0.0,-0.7194185132728613,-0.21827622634798557
1.466456723865114,경기도,고양덕양구,원당동,경기도 고양덕양구  원당동 632-7외,0.7995523071238438,2025-04-08,근린상가,-0.3524274444898178,-0.7405543934569095,0.06386317911278634,0.611111196542599,2013-12-10,-0.47308253146716484,-0.635147653199059,0.06361806798326017,-0.20498001542269692,0.0,-0.23879059867206162,-0.14344382763731175,0.0,-0.21827622634798557,-0.5338296481690097,0.5959792419460607,-0.1574591643244434,-0.1704278238830942,0.23520023158188028,0.0,-0.5773502691896258,-1.0,1.7320508075688774,4,1.8305401369493255,-0.6396021490668313,2025,-0.2678777881362104,0.4835605916233708,0.0,0.0,-0.7455128225486508,-0.21827622634798557
1.4760804673824082,경기도,고양덕양구,대자동,경기도 고양덕양구  대자동 824-41외,-0.4282920373557092,2024-07-18,근린상가,-0.396924223278265,-0.5030926101155487,-0.2694697773381869,-0.039658140190103566,2004-12-04,0.05998105170499283,-0.083318318072434,-0.2697352232131748,-0.20498001542269692,0.0,-0.23879059867206162,-0.14344382763731175,0.0,-0.21827622634798557,-0.5338296481690097,0.5959792419460607,-0.1574591643244434,-0.1704278238830942,0.23520023158188028,0.0,-0.5773502691896258,1.0,-0.5773502691896258,7,-0.5462868471524165,-0.6396021490668313,2024,-0.2678777881362104,0.4835605916233708,0.0,0.0,-0.5076531572270324,-0.21827622634798557
1.4857042108997023,경기도,고양시,덕양구,"경기도 고양시 덕양구 내유동 462-1(토지, 건물), 462-6(토지)",-0.504780701438042,2020-11-04,근린상가,-0.4436238128978235,-0.4665214915840733,-0.2696670740830767,-0.13954263159609154,1996-09-02,2.789912735223012,0.407196646484566,-0.26993253199401546,-0.20498001542269692,0.0,-0.23879059867206162,-0.14344382763731175,0.0,-0.21827622634798557,-0.5338296481690097,0.5959792419460607,-0.1574591643244434,-0.1704278238830942,0.23520023158188028,0.0,-0.5773502691896258,1.0,-0.5773502691896258,11,-0.5462868471524165,1.5634719199411433,2020,-0.8344764359637596,-2.0679931684318618,0.0,0.0,-0.47102076151294353,-0.21827622634798557
1.4953279544169966,경기도,고양덕양구,내유동,경기도 고양덕양구  내유동 660-4,-1.1327928907456166,2024-09-25,근린상가,-0.8565186750813159,-0.9125889428227814,0.0097563625887044,0.4657707339177019,2003-10-11,-0.079342384805912,-0.022003947502809,0.009507950710420812,-0.20498001542269692,0.0,-0.23879059867206162,-0.14344382763731175,0.0,-0.21827622634798557,-0.5338296481690097,0.5959792419460607,6.350852961085884,-0.1704278238830942,-4.251696493980147,0.0,1.7320508075688774,-1.0,-0.5773502691896258,9,-0.5462868471524165,1.5634719199411433,2024,-0.2678777881362104,0.4835605916233708,0.0,0.0,-0.9178356264968442,-0.21827622634798557
1.5049516979342907,경기도,고양덕양구,내유동,"경기도 고양덕양구  내유동 398-2, 398-3, 398-5",-1.1408443290700727,2023-05-10,근린상가,-0.8216261515165136,-0.9229465849548123,-0.3272367268646999,-0.10276259615632165,2001-12-22,0.9383244557954799,0.100624793636441,-0.32750569677231645,-0.20498001542269692,0.0,-0.23879059867206162,-0.14344382763731175,0.0,-0.21827622634798557,-0.5338296481690097,0.5959792419460607,6.350852961085884,-0.1704278238830942,-4.251696493980147,0.0,1.7320508075688774,-1.0,-0.5773502691896258,5,1.8305401369493255,-0.6396021490668313,2023,-0.2678777881362104,0.4835605916233708,0.0,0.0,-0.9282106235021701,-0.21827622634798557
1.514575441451585,경기도,고양덕양구,내유동,"경기도 고양덕양구  내유동 431-3, 431-25",0.21179730943854957,2023-03-28,근린상가,-0.661702085177837,-0.34432135339516734,0.4773342742053026,0.3767867772085812,2019-06-03,1.0251492060848844,-1.003033876616809,0.47711438659271876,-0.20498001542269692,0.0,-0.23879059867206162,-0.14344382763731175,0.0,-0.21827622634798557,1.8732567653930703,-1.6779107888635245,-0.1574591643244434,-0.1704278238830942,0.23520023158188028,0.0,-0.5773502691896258,1.0,-0.5773502691896258,3,1.8305401369493255,-0.6396021490668313,2023,-0.2678777881362104,0.4835605916233708,0.0,0.0,-0.34861586939569517,-0.21827622634798557
1.5241991849688792,경기도,고양덕양구,내유동,경기도 고양덕양구  내유동 436-17,-0.8872240218497061,2024-11-12,단독주택,-0.7590663239129541,-0.7943715497342211,-0.10585440532596725,0.15781209040688676,1986-12-09,-0.17626303629175885,1.020340352180816,-0.10610986995883945,-0.20498001542269692,0.0,-0.23879059867206162,-0.14344382763731175,0.0,-0.21827622634798557,-0.5338296481690097,0.5959792419460607,-0.1574591643244434,-0.1704278238830942,0.23520023158188028,0.0,1.7320508075688774,-1.0,-0.5773502691896258,11,-0.5462868471524165,1.5634719199411433,2024,-0.2678777881362104,0.4835605916233708,0.0,0.0,-0.799420152816952,-0.21827622634798557
1.5338229284861735,경기도,고양덕양구,내유동,경기도 고양덕양구  내유동 283-22,-0.9315069326342145,2026-03-12,근린상가,-0.6806462583253937,-0.2298111695824004,-0.3015149091962432,-0.01311125977188256,1979-12-31,-1.1555654523466696,1.449540946168191,-0.30178230996224026,-0.20498001542269692,0.0,-0.23879059867206162,-0.14344382763731175,0.0,-0.21827622634798557,-0.5338296481690097,0.5959792419460607,-0.1574591643244434,-0.1704278238830942,0.23520023158188028,0.0,1.7320508075688774,-1.0,-0.5773502691896258,3,1.8305401369493255,-0.6396021490668313,2026,-0.2678777881362104,0.4835605916233708,0.0,0.0,-0.2339138166512038,-0.21827622634798557
1.5530704155207617,경기도,가평군,상면,경기도 가평군 상면 상동리 89,-0.6094493996559711,2024-01-20,숙박시설,-0.4599246130480467,-0.5396512042913626,-0.29799736056440784,-0.46774512525823164,2019-05-07,0.4234334947769185,-1.003033876616809,-0.298264546744794,-0.20498001542269692,0.0,-0.23879059867206162,-0.14344382763731175,0.0,-0.21827622634798557,1.8732567653930703,-1.6779107888635245,-0.1574591643244434,-0.1704278238830942,0.23520023158188028,0.0,-0.5773502691896258,1.0,-0.5773502691896258,1,-0.5462868471524165,-0.6396021490668313,2024,-0.551177112049985,0.4835605916233708,0.0,0.0,-0.5442730076001233,-0.21827622634798557
1.562694159038056,경기도,가평군,상면,경기도 가평군 상면 상동리 89-1외 1필지,-0.6497065912782515,2024-01-20,숙박시설,-0.4255607640827112,-0.5860789907284103,-0.32803344913001775,-0.4646306867734124,2019-05-07,0.4234334947769185,-1.003033876616809,-0.32830246764112264,-0.20498001542269692,0.0,-0.23879059867206162,-0.14344382763731175,0.0,-0.21827622634798557,1.8732567653930703,-1.6779107888635245,-0.1574591643244434,-0.1704278238830942,0.23520023158188028,0.0,-0.5773502691896258,1.0,-0.5773502691896258,1,-0.5462868471524165,-0.6396021490668313,2024,-0.551177112049985,0.4835605916233708,0.0,0.0,-0.590778586679619,-0.21827622634798557
1.5723179025553502,경기도,가평군,상면,"경기도 가평군 상면 원흥리 229-5, 229-1, 229-4, 233-1",-0.5691922080336906,2025-01-06,야영장시설,0.7965586850178092,-0.678859417468537,-0.45834187344327876,-0.4508381734834987,2011-08-26,-0.287317949452625,-0.512518912059809,-0.4586188413292913,-0.20498001542269692,0.0,-0.23879059867206162,-0.14344382763731175,0.0,-0.21827622634798557,-0.5338296481690097,0.5959792419460607,-0.1574591643244434,-0.1704278238830942,0.23520023158188028,0.0,-0.5773502691896258,1.0,-0.5773502691896258,1,-0.5462868471524165,-0.6396021490668313,2025,-0.551177112049985,0.4835605916233708,0.0,0.0,-0.6837144727926228,-0.21827622634798557
1.5819416460726445,경기도,가평군,상면,"경기도 가평군 상면 행현리 313-2, 322-5, 322-6",2.1682968222813783,2025-02-03,숙박시설,-0.6912197503147277,0.6113621297085182,2.211431424233755,-0.46678113239388286,2012-05-02,-0.3438549961527024,-0.573833282629434,2.2113173240132338,-0.20498001542269692,0.0,-0.23879059867206162,-0.14344382763731175,0.0,-0.21827622634798557,-0.5338296481690097,0.5959792419460607,-0.1574591643244434,-0.1704278238830942,0.23520023158188028,0.0,-0.5773502691896258,-1.0,1.7320508075688774,2,-0.5462868471524165,-0.6396021490668313,2025,-0.551177112049985,0.4835605916233708,0.0,0.0,0.608668920795835,-0.21827622634798557
1.5915653895899387,경기도,가평군,상면,경기도 가평군 상면 행현리 909-6,-0.2986638803319662,2024-11-20,숙박시설,-0.31674190902581556,-0.49440070728649255,-0.2696670740830767,-0.46804173844726205,2019-11-04,-0.19241647820606667,-1.003033876616809,-0.26993253199401546,-0.20498001542269692,0.0,-0.23879059867206162,-0.14344382763731175,0.0,-0.21827622634798557,1.8732567653930703,-1.6779107888635245,-0.1574591643244434,-0.1704278238830942,0.23520023158188028,0.0,-0.5773502691896258,1.0,-0.5773502691896258,11,-0.5462868471524165,1.5634719199411433,2024,-0.551177112049985,0.4835605916233708,0.0,0.0,-0.4989466905744373,-0.21827622634798557
1.601189133107233,인천광역시,중구,운북동,"인천광역시 중구 운북동 552-6(토지, 가동 건물), 552-16(토지)",2.0072680557922564,2023-03-09,근린상가,0.7381841979933611,-0.129265642332166,-0.27573328906190814,-0.13909771181254593,2010-09-01,1.0635136306313653,-0.451204541490184,-0.21424536655336898,-0.20498001542269692,0.0,5.383367800442301,-0.14344382763731175,0.0,-0.21827622634798557,-0.5338296481690097,0.5959792419460607,-0.1574591643244434,-0.1704278238830942,0.23520023158188028,0.0,-0.5773502691896258,-1.0,1.7320508075688774,3,1.8305401369493255,-0.6396021490668313,2023,-0.4803522810715414,0.4835605916233708,0.0,0.0,-0.1331998191194553,-0.21827622634798557
1.610812876624527,인천광역시,중구,운북동,인천광역시 중구  운북동 26-44,-0.7302209745228124,2026-02-20,근린상가,-0.4819527213591592,-0.7436604336609526,-0.3320649085865199,-0.20946919091000887,2009-12-11,-1.1151818475609,-0.389890170920559,-0.3323341730340085,-0.20498001542269692,0.0,5.383367800442301,-0.14344382763731175,0.0,-0.21827622634798557,-0.5338296481690097,0.5959792419460607,-0.1574591643244434,-0.1704278238830942,0.23520023158188028,0.0,-0.5773502691896258,1.0,-0.5773502691896258,2,-0.5462868471524165,-0.6396021490668313,2026,-0.4803522810715414,0.4835605916233708,0.0,0.0,-0.7486240671161486,-0.21827622634798557
1.6204366201418214,인천광역시,중구,운북동,인천광역시 중구  운북동 516-4외 1필지,-0.34938794177603955,2026-03-05,근린상가,-0.2537415192560339,-0.6211972840031559,-0.30686239977274665,-0.08296366578854229,2011-01-06,-1.1414311906716503,-0.512518912059809,-0.3071301267586917,-0.20498001542269692,0.0,5.383367800442301,-0.14344382763731175,0.0,-0.21827622634798557,-0.5338296481690097,0.5959792419460607,-0.1574591643244434,-0.1704278238830942,0.23520023158188028,0.0,-0.5773502691896258,1.0,-0.5773502691896258,3,1.8305401369493255,-0.6396021490668313,2026,-0.4803522810715414,0.4835605916233708,0.0,0.0,-0.6259557228379428,-0.21827622634798557
1.6300603636591156,인천광역시,중구,운북동,인천광역시 중구  운북동 552-26외 1필지,0.5016490891189687,2024-07-31,근린상가,0.7381841979933611,-0.129265642332166,-0.35554793152921205,-0.13909771181254593,2010-09-01,0.03373170859424265,-0.451204541490184,-0.3558186285422029,-0.20498001542269692,0.0,5.383367800442301,-0.14344382763731175,0.0,-0.21827622634798557,-0.5338296481690097,0.5959792419460607,-0.1574591643244434,-0.1704278238830942,0.23520023158188028,0.0,-0.5773502691896258,1.0,-0.5773502691896258,7,-0.5462868471524165,-0.6396021490668313,2024,-0.4803522810715414,0.4835605916233708,0.0,0.0,-0.1331998191194553,-0.21827622634798557
1.6396841071764097,인천광역시,중구,운북동,인천광역시 중구  운북동 572-26,2.0072680557922564,2023-07-04,근린상가,2.00898576646144,0.5254074768038894,-0.3471938153271637,-0.1362057332194995,2018-05-18,0.8272695426346137,-0.941719506047184,-0.34746400270309885,-0.20498001542269692,0.0,5.383367800442301,-0.14344382763731175,0.0,-0.21827622634798557,1.8732567653930703,-1.6779107888635245,-0.1574591643244434,-0.1704278238830942,0.23520023158188028,0.0,-0.5773502691896258,-1.0,1.7320508075688774,7,-0.5462868471524165,-0.6396021490668313,2023,-0.4803522810715414,0.4835605916233708,0.0,0.0,0.5225702455267276,-0.21827622634798557
1.649307850693704,인천광역시,중구,운북동,인천광역시 중구  운북동 572-77외 3필지,0.8961695670173169,2023-07-27,근린상가,1.1194907528587181,-0.0256641723005343,-0.3562817736060976,-0.1362057332194995,2018-05-18,0.7808283971309787,-0.941719506047184,-0.3565525153866147,-0.20498001542269692,0.0,5.383367800442301,-0.14344382763731175,0.0,-0.21827622634798557,1.8732567653930703,-1.6779107888635245,-0.1574591643244434,-0.1704278238830942,0.23520023158188028,0.0,-0.5773502691896258,-1.0,1.7320508075688774,7,-0.5462868471524165,-0.6396021490668313,2023,-0.4803522810715414,0.4835605916233708,0.0,0.0,-0.029424758384200573,-0.21827622634798557
1.6685553377282925,전북특별자치도,남원시,대산면,전북특별자치도 남원시 대산면 신계리 560,-1.2092815548279494,2024-04-22,대지,-0.7339542804382859,-0.2298111695824004,-0.5125956523892027,-0.536188618626997,1979-12-31,0.23564973252309024,1.449540946168191,-0.5128759299893129,-0.20498001542269692,0.0,-0.23879059867206162,-0.14344382763731175,0.0,-0.21827622634798557,-0.5338296481690097,0.5959792419460607,-0.1574591643244434,-0.1704278238830942,0.23520023158188028,0.0,1.7320508075688774,-1.0,-0.5773502691896258,4,1.8305401369493255,-0.6396021490668313,2024,-0.551177112049985,0.4835605916233708,0.0,0.0,-0.2339138166512038,-0.21827622634798557
1.6781790812455866,전북특별자치도,남원시,대산면,전북특별자치도 남원시 대산면 신계리 381-1,-1.1432597605674095,2022-08-06,단독주택,-0.6004639440729443,-0.8920364751823188,-0.4786444264400977,-0.5359661587352241,2011-06-16,1.4976373820783877,-0.512518912059809,-0.47892263286925285,-0.20498001542269692,0.0,-0.23879059867206162,-0.14344382763731175,0.0,-0.21827622634798557,-0.5338296481690097,0.5959792419460607,-0.1574591643244434,5.8675865079751,-4.251696493980147,0.0,1.7320508075688774,-1.0,-0.5773502691896258,8,-0.5462868471524165,-0.6396021490668313,2022,-0.551177112049985,0.4835605916233708,0.0,0.0,-0.8972487219191662,-0.21827622634798557
1.687802824762881,전북특별자치도,남원시,대산면,전북특별자치도 남원시 대산면 운교리 490-1,-1.136013466075399,2026-03-09,단독주택,-0.37886117446315276,-0.8154750890237882,-0.4933214147176755,-0.5317394207915409,2005-10-11,-1.1495079116288043,-0.144632688642059,-0.49360051650630526,-0.20498001542269692,0.0,-0.23879059867206162,-0.14344382763731175,0.0,-0.21827622634798557,-0.5338296481690097,0.5959792419460607,-0.1574591643244434,-0.1704278238830942,0.23520023158188028,0.0,1.7320508075688774,-1.0,-0.5773502691896258,3,1.8305401369493255,-0.6396021490668313,2026,-0.551177112049985,0.4835605916233708,0.0,0.0,-0.8205590523985411,-0.21827622634798557
1.697426568280175,전북특별자치도,남원시,대산면,전북특별자치도 남원시 대산면 운교리 806-1,-1.1891529590168093,2024-09-05,대지,-0.6550936526845033,-0.2298111695824004,-0.5004412632822952,-0.5347055526818449,1979-12-31,-0.03895878002014249,1.449540946168191,-0.5007207994123408,-0.20498001542269692,0.0,-0.23879059867206162,-0.14344382763731175,0.0,-0.21827622634798557,-0.5338296481690097,0.5959792419460607,-0.1574591643244434,-0.1704278238830942,0.23520023158188028,0.0,1.7320508075688774,-1.0,-0.5773502691896258,9,-0.5462868471524165,1.5634719199411433,2024,-0.551177112049985,0.4835605916233708,0.0,0.0,-0.2339138166512038,-0.21827622634798557
1.7070503117974691,전북특별자치도,남원시,대산면,전북특별자치도 남원시 대산면 운교리 564,-1.1247414524211605,2024-05-21,단독주택,-0.2184965459582539,-0.8312056797345871,-0.4964208407695839,-0.5317394207915409,1995-09-13,0.17709350558372444,0.468511017054191,-0.4967001316365471,-0.20498001542269692,0.0,-0.23879059867206162,-0.14344382763731175,0.0,-0.21827622634798557,-0.5338296481690097,0.5959792419460607,-0.1574591643244434,-0.1704278238830942,0.23520023158188028,0.0,1.7320508075688774,-1.0,-0.5773502691896258,5,1.8305401369493255,-0.6396021490668313,2024,-0.551177112049985,0.4835605916233708,0.0,0.0,-0.8363160006919984,-0.21827622634798557
1.7262977988320576,제주특별자치도,제주시,노형동,제주특별자치도 제주시  노형동 3064-1,2.4098399720150607,2025-08-14,"2종근생, 위험물저장및처리시설",0.9741052380053757,0.14579425670491025,-0.21948382718324666,0.4249864204260216,2004-02-23,-0.7315376020960898,-0.083318318072434,-0.2197462237000676,-0.20498001542269692,0.0,-0.23879059867206162,-0.14344382763731175,0.0,-0.21827622634798557,-0.5338296481690097,0.5959792419460607,-0.1574591643244434,-0.1704278238830942,0.23520023158188028,0.0,-0.5773502691896258,-1.0,1.7320508075688774,8,-0.5462868471524165,-0.6396021490668313,2025,-0.19705295715776672,0.4835605916233708,0.0,0.0,0.1423209598780858,-0.21827622634798557
1.735921542349352,제주특별자치도,제주시,노형동,제주특별자치도 제주시  노형동 3652,0.5513918815172489,2023-06-28,"위험물처리시설, 사무소",-0.13434917220980425,-0.6530717691615822,-0.15665498138086636,0.004685531569941576,2004-01-20,0.8393846240703445,-0.083318318072434,-0.15691354506759259,-0.20498001542269692,0.0,-0.23879059867206162,-0.14344382763731175,0.0,-0.21827622634798557,-0.5338296481690097,0.5959792419460607,-0.1574591643244434,-0.1704278238830942,0.23520023158188028,0.0,-0.5773502691896258,1.0,-0.5773502691896258,6,-0.5462868471524165,-0.6396021490668313,2023,-0.19705295715776672,0.4835605916233708,0.0,0.0,-0.6578836156777907,-0.21827622634798557
1.7551690293839404,제주특별자치도,제주시,노형동,제주특별자치도 제주시  노형동 913-1,2.812411888237865,2022-08-31,위험물저장및처리시설,-0.7061988639662843,-0.9011166330368803,3.011368350661142,1.4282805323213572,1991-10-22,1.4471578760961759,0.713768499332691,3.011303050037149,-0.20498001542269692,0.0,-0.23879059867206162,-0.14344382763731175,0.0,-0.21827622634798557,-0.5338296481690097,0.5959792419460607,6.350852961085884,-0.1704278238830942,-4.251696493980147,0.0,-0.5773502691896258,-1.0,1.7320508075688774,8,-0.5462868471524165,-0.6396021490668313,2022,-0.19705295715776672,0.4835605916233708,0.0,0.0,-0.9063440941426985,-0.21827622634798557
